aceleracaoMinima,audioMinimo,aceleracaoMaxima,audioMaximo,aceleracaoMedia,audioMedio,aceleracaoVariancia,audioVariancia,aceleracaoRMS,audioRMS,aceleracaoMaxFreAmp1,aceleracaoMaxFreAmp2,aceleracaoMaxFreAmp3,aceleracaoMaxFreAmp4,aceleracaoMaxFreAmp5,aceleracaoMaxFre1,aceleracaoMaxFre2,aceleracaoMaxFre3,aceleracaoMaxFre4,aceleracaoMaxFre5,audioMaxFreAmp1,audioMaxFreAmp2,audioMaxFreAmp3,audioMaxFreAmp4,audioMaxFreAmp5,audioMaxFre1,audioMaxFre2,audioMaxFre3,audioMaxFre4,audioMaxFre5,temperaturaFerramenta,experimento
-115.0008,-430.9973,178.4784,442.7401,27.486388,7.3515279,60.760734,251.36101,66.539609,250.79217,43.130181,37.460463,30.138572,27.486388,24.450446,0,4838.7097,5376.3441,5913.9785,8064.5161,306.1551,116.8277,80.661936,46.451442,46.057574,1075.2688,1612.9032,2150.5376,2688.172,3763.4409,31.97,f010 ap030 ac
-94.56799,-356.7181,200.2354,492.3958,13.035698,13.502,56.792083,234.60109,58.120756,234.36223,44.579381,28.106072,26.602788,21.012083,20.336625,1612.9032,2688.172,4301.0753,5913.9785,8064.5161,316.91264,64.42349,36.483177,35.482491,30.878236,537.63441,1075.2688,1612.9032,2150.5376,2688.172,30.44,f010 ap030 ac
-116.6074,-299.6621,152.0691,403.137,6.891449,19.738751,54.855289,179.23469,55.140759,179.84132,26.149097,25.410592,24.27024,24.209699,22.878713,4301.0753,4838.7097,5376.3441,6989.2473,7526.8817,203.77845,113.23114,53.547841,48.195193,37.760853,537.63441,1075.2688,1612.9032,2150.5376,2688.172,31.57,f010 ap030 ac
-143.2743,-228.4726,158.2669,312.4535,14.787122,10.330274,55.578198,139.00036,57.367907,139.01257,35.52738,30.911938,29.002875,22.820992,21.462442,4301.0753,5913.9785,6451.6129,6989.2473,7526.8817,155.65056,99.930608,32.237483,27.047118,22.832371,1075.2688,1612.9032,2688.172,4301.0753,4838.7097,30.8,f010 ap030 ac
-158.3609,-222.508,167.1091,287.855,10.814472,17.936268,62.621024,149.18183,63.382769,149.85965,45.499644,38.911081,28.697769,26.770223,20.947003,1075.2688,2688.172,4301.0753,7526.8817,9139.7849,154.73441,107.08451,61.196118,37.034826,29.367078,537.63441,1075.2688,1612.9032,2150.5376,2688.172,31.02,f010 ap030 ac
-155.6774,-297.0943,170.431,356.4878,1.2137304,4.0415098,67.684621,174.50952,67.514314,174.08921,40.676135,37.943553,28.414426,28.210906,28.194217,537.63441,3763.4409,5376.3441,7526.8817,8064.5161,170.01163,138.00638,57.888507,51.560545,35.383001,1075.2688,1612.9032,2150.5376,3225.8065,3763.4409,31.31,f010 ap030 ac
-127.2322,-629.6687,99.66554,637.1145,-13.137579,-19.763846,55.608864,289.56187,56.994782,289.4621,33.861283,30.939282,27.756493,22.777661,20.634797,537.63441,2688.172,5376.3441,7526.8817,9139.7849,336.07352,202.12334,73.192781,40.862545,40.117834,1075.2688,1612.9032,2150.5376,5376.3441,7526.8817,31.4,f010 ap030 ac
-130.7822,-385.2854,141.9787,458.6913,-2.8689128,11.410504,57.004771,250.15841,56.924488,249.74944,45.724244,27.34947,22.401441,19.677731,18.982529,2150.5376,2688.172,5913.9785,7526.8817,9139.7849,313.57133,100.63697,53.925832,52.038454,48.204574,537.63441,1075.2688,1612.9032,2150.5376,4838.7097,31,f010 ap030 ac
-214.8963,-408.1901,97.62183,369.2957,-15.701355,-33.264493,60.845389,200.83925,62.680909,203.0449,47.577596,28.512342,22.447262,21.102879,19.942641,1075.2688,1612.9032,2150.5376,7526.8817,8602.1505,244.17781,106.17084,44.835411,44.384578,37.905877,537.63441,1075.2688,1612.9032,3225.8065,7526.8817,30.93,f010 ap030 ac
-128.7899,-408.1901,130.1307,518.509,-1.1547876,-31.273802,56.728199,270.3308,56.5881,271.4148,43.287818,31.076256,29.166821,23.016009,20.377328,1075.2688,5376.3441,5913.9785,6451.6129,7526.8817,310.03857,141.29039,112.5897,88.367777,54.672429,537.63441,1075.2688,1612.9032,2150.5376,2688.172,30.99,f010 ap030 ac
-129.9504,-414.595,125.4944,360.1204,1.3818001,-23.482845,57.27511,230.47459,57.138473,231.05394,41.205271,37.489396,31.829693,21.450728,20.337767,2688.172,5376.3441,5913.9785,7526.8817,9139.7849,271.34948,95.478626,79.786477,59.749706,50.2907,1075.2688,1612.9032,2150.5376,2688.172,3225.8065,31.07,f010 ap030 ac
-178.3773,-384.9024,142.7808,368.2795,8.1572618,-24.481843,65.188073,233.93698,65.523288,234.5916,51.127281,34.512498,31.015588,26.207904,26.200947,1612.9032,4301.0753,5913.9785,7526.8817,8064.5161,270.49377,145.49431,72.053988,54.286168,49.737494,537.63441,1075.2688,1612.9032,2688.172,7526.8817,31.03,f010 ap030 ac
-125.3476,-381.0143,156.7787,385.1477,6.0456504,-26.388214,59.922373,180.37496,60.066955,181.81715,38.72185,32.382468,27.567473,27.258816,22.747146,1612.9032,2688.172,4838.7097,5913.9785,6451.6129,202.81219,104.39138,70.016915,47.174266,36.827307,1075.2688,1612.9032,2150.5376,4838.7097,7526.8817,31.42,f010 ap030 ac
-159.8932,-359.0603,146.064,271.8788,3.8305811,14.566045,59.28619,149.79555,59.251411,150.10291,33.324114,29.448769,26.716113,24.765573,22.891961,1612.9032,4301.0753,5913.9785,6989.2473,7526.8817,163.46302,91.250594,79.776945,27.420567,24.19193,537.63441,1075.2688,1612.9032,2688.172,7526.8817,30.89,f010 ap030 ac
-132.664,-378.7101,207.4153,348.5801,9.7197767,4.4670899,73.004203,171.03563,73.454661,170.63619,50.438638,49.685771,42.219061,36.328119,25.733311,3763.4409,4301.0753,5376.3441,7526.8817,8064.5161,175.42275,133.73287,50.026104,47.665411,39.011266,537.63441,1075.2688,1612.9032,2688.172,7526.8817,31.22,f010 ap030 ac
-194.9236,-278.5058,148.3742,334.1871,4.2626069,-8.6710018,71.907516,148.25744,71.841562,148.11453,48.535583,48.321467,43.910428,37.34273,25.467867,3763.4409,4301.0753,5376.3441,7526.8817,8064.5161,148.01285,111.1699,48.151781,47.415215,35.03378,1075.2688,1612.9032,2688.172,7526.8817,8602.1505,30.95,f010 ap030 ac
-122.9426,-266.1327,174.1253,260.5163,5.7730012,-12.27278,56.779483,133.91853,56.920972,134.12266,35.102522,26.506656,25.919122,24.300154,24.234642,4301.0753,5913.9785,6989.2473,7526.8817,8602.1505,114.85877,107.43558,75.3387,42.797432,25.946648,537.63441,1075.2688,1612.9032,2150.5376,2688.172,31.37,f010 ap030 ac
-119.1047,-427.0484,133.2259,363.2436,-3.0996474,24.912086,48.438045,168.68591,48.407699,170.06876,28.39664,26.95087,23.682865,22.899571,20.640304,537.63441,2688.172,4838.7097,5913.9785,6451.6129,134.45006,133.31502,120.97317,50.214172,33.651133,1075.2688,1612.9032,2150.5376,4838.7097,7526.8817,30.96,f010 ap030 ac
-120.2787,-375.6536,156.9386,363.2436,-9.2936557,18.937857,59.167049,198.64421,59.736013,199.01545,42.853956,25.523832,24.572623,23.523086,21.53547,1612.9032,3225.8065,5913.9785,7526.8817,8064.5161,201.21496,152.90279,77.688074,48.051409,42.078183,537.63441,1075.2688,1612.9032,2688.172,7526.8817,31.16,f010 ap030 ac
-124.6794,-256.5299,98.80036,338.6621,-18.915717,-7.2578353,53.41394,168.08646,56.529606,167.79347,31.117324,30.385491,26.025536,20.724352,20.464857,1612.9032,5376.3441,5913.9785,6989.2473,8064.5161,195.10912,80.378946,56.129781,43.596213,37.722455,537.63441,1075.2688,1612.9032,2150.5376,2688.172,31.46,f010 ap030 ac
-134.7379,-211.9288,93.39345,322.4468,-24.268045,13.828268,49.914446,125.28083,55.381104,125.7083,29.006566,24.398518,24.346689,22.990592,20.649371,0,1075.2688,5376.3441,5913.9785,6451.6129,98.237952,95.484961,66.054016,44.002721,37.990406,1075.2688,1612.9032,2150.5376,2688.172,3225.8065,31.07,f010 ap030 ac
-133.4926,-362.8336,131.672,404.5058,-17.799558,4.5874476,53.442068,150.31569,56.192578,149.98341,32.620705,29.422819,25.026985,24.174749,23.829602,2150.5376,5376.3441,6989.2473,7526.8817,8064.5161,134.43878,117.74497,60.023785,48.857547,44.39688,537.63441,1075.2688,1612.9032,2150.5376,8064.5161,30.88,f010 ap030 ac
-157.2846,-362.8336,131.672,365.6161,-21.556847,-34.760637,56.673359,181.74894,60.492904,184.56525,32.766206,29.145287,26.588986,25.971341,23.022803,2150.5376,3225.8065,5913.9785,8064.5161,8602.1505,189.66476,107.84841,85.481422,62.469281,48.621249,1075.2688,1612.9032,2150.5376,2688.172,3225.8065,30.99,f010 ap030 ac
-187.8804,-335.9881,110.9278,156.4428,-11.873781,-34.85425,55.201232,79.25061,56.319336,86.382241,28.561688,28.01976,26.228253,24.937147,24.87669,4838.7097,5376.3441,6989.2473,7526.8817,8064.5161,47.140321,43.644963,35.041638,34.77287,30.513569,0,537.63441,1612.9032,2150.5376,3225.8065,31.1,f010 ap030 ac
-187.8804,-273.0992,139.5008,286.4393,-11.007539,-1.380259,68.727007,130.12152,69.42124,129.78047,55.533912,42.09596,30.779181,27.402268,25.30841,2688.172,4301.0753,4838.7097,5376.3441,8064.5161,96.378062,90.232641,72.386899,52.97905,42.237096,537.63441,1075.2688,1612.9032,2150.5376,3225.8065,31.06,f010 ap030 ac
-163.42,-273.0337,143.5005,502.6704,-0.8937502,17.504972,63.442709,189.95572,63.27916,190.25415,40.953998,29.071111,28.925134,25.484422,25.249294,537.63441,1075.2688,5913.9785,6989.2473,7526.8817,177.36445,121.70948,119.62715,68.457073,37.435895,537.63441,1075.2688,1612.9032,2150.5376,8064.5161,30.99,f010 ap030 ac
-106.2644,-171.3683,143.5005,242.2219,2.7196672,-21.242609,51.515839,81.907864,51.449844,84.405392,30.537511,27.721273,24.576558,23.317368,22.901314,1612.9032,4301.0753,5913.9785,6989.2473,8064.5161,65.580476,54.142662,45.158359,28.117602,24.68279,537.63441,1075.2688,1612.9032,3225.8065,4838.7097,31.43,f010 ap030 ac
-127.0726,-262.6898,126.939,362.6269,2.4455693,8.0066722,56.986122,162.00302,56.886141,161.76754,37.478776,35.801795,28.468287,23.090144,20.461131,1075.2688,4838.7097,5376.3441,6989.2473,7526.8817,169.2259,123.91438,53.269163,41.180909,32.201473,537.63441,1075.2688,1612.9032,2688.172,3763.4409,31.27,f010 ap030 ac
-104.0815,-358.3153,214.8093,394.478,15.992846,15.264273,56.108959,210.39172,58.199236,210.3829,33.387871,30.188764,25.529479,25.44725,22.419436,1612.9032,4301.0753,5913.9785,6451.6129,8064.5161,279.52094,55.325874,49.95134,42.20007,30.140339,537.63441,1075.2688,1612.9032,2150.5376,2688.172,31.44,f010 ap030 ac
-113.8003,-427.4157,176.3806,408.1372,29.9613,3.9422053,62.222461,238.53635,68.91016,237.93035,40.346764,38.817204,33.131833,30.122383,28.838545,0,4838.7097,5376.3441,5913.9785,8064.5161,286.01131,104.51233,89.150684,56.986483,54.675553,1075.2688,1612.9032,2150.5376,3225.8065,3763.4409,31.12,f010 ap030 ac
-420.4152,-352.0121,261.923,457.2899,1.4606595,12.557112,108.23493,176.75165,107.95347,176.72256,52.496481,50.087643,49.490493,43.787427,41.071693,2150.5376,2688.172,4838.7097,5376.3441,6451.6129,162.12673,103.13281,78.455665,58.618402,57.42955,1075.2688,1612.9032,2688.172,3225.8065,4838.7097,56.03,f025 ap030 ac
-246.5789,-600.2223,310.1238,827.338,9.8844887,4.3639477,112.23837,421.06722,112.37343,419.96253,83.614812,59.207386,58.741024,54.087149,44.98426,1612.9032,4301.0753,4838.7097,5376.3441,5913.9785,445.31587,281.01436,177.18814,139.1562,85.060423,1612.9032,2150.5376,2688.172,3225.8065,3763.4409,55.7,f025 ap030 ac
-196.4163,-688.1418,176.4232,665.7601,0.80871397,20.209685,92.666705,383.46466,92.422139,382.97159,71.478258,53.412929,48.90056,35.779362,30.161517,1075.2688,1612.9032,2150.5376,4301.0753,5376.3441,477.77004,191.21263,109.03453,90.604577,50.75601,1075.2688,1612.9032,2150.5376,3225.8065,3763.4409,55.12,f025 ap030 ac
-172.8904,-503.5402,140.7422,391.5189,-10.387512,8.0802727,77.250134,217.30017,77.74041,216.86895,63.793025,42.554942,41.843691,35.103176,21.948717,2150.5376,3763.4409,4301.0753,4838.7097,6989.2473,198.55898,147.98684,103.52613,96.038399,62.266465,1075.2688,1612.9032,2150.5376,3225.8065,6451.6129,51.87,f025 ap030 ac
-170.1177,-613.3919,212.4898,562.8879,-7.0513659,-12.663706,73.33361,311.52469,73.476403,310.9486,43.301948,41.426146,39.5096,33.555903,28.445524,1612.9032,3763.4409,4301.0753,5376.3441,5913.9785,360.15517,196.20515,94.95467,68.083033,63.684973,1075.2688,1612.9032,3225.8065,3763.4409,4301.0753,55.33,f025 ap030 ac
-205.1797,-687.1734,131.0433,912.5642,-22.001248,-1.4989898,70.64566,438.28282,73.811756,437.11194,58.878366,30.331422,30.159288,27.057373,25.788026,2688.172,4301.0753,5376.3441,5913.9785,7526.8817,592.84579,119.663,101.31689,51.85793,42.125541,1075.2688,1612.9032,2150.5376,2688.172,3225.8065,55.55,f025 ap030 ac
-133.1348,-687.1734,119.9882,757.193,-13.105202,-17.281274,55.354118,411.5909,56.740103,410.85252,34.772223,32.671265,31.344165,22.579568,21.668504,4301.0753,5376.3441,6451.6129,7526.8817,8064.5161,544.50811,118.05614,100.40552,82.116778,73.78751,537.63441,1075.2688,1612.9032,2688.172,3225.8065,53.98,f025 ap030 ac
-142.5773,-680.6012,69.318,733.9535,-35.812214,-26.792752,50.444668,311.87062,61.75412,312.18746,40.76355,36.004753,24.262031,23.785178,20.888755,0,4301.0753,5913.9785,8064.5161,9677.4194,351.16169,163.16082,155.19508,77.787624,58.08696,1075.2688,1612.9032,2150.5376,2688.172,3763.4409,55,f025 ap030 ac
-147.7654,-641.9206,96.29888,525.295,-31.82693,-25.08411,54.483482,280.40752,62.972448,280.77948,36.995202,32.980854,31.998043,23.310745,23.291508,0,1075.2688,3763.4409,5913.9785,8064.5161,345.61386,129.50797,90.870339,61.576688,49.015426,537.63441,1075.2688,1612.9032,2150.5376,8064.5161,55.32,f025 ap030 ac
-144.3577,-893.2605,92.73513,928.1516,-36.301708,24.524106,60.579694,485.69771,70.484666,485.01772,36.496878,35.554442,34.674435,34.172554,28.845881,0,1612.9032,3763.4409,4838.7097,5913.9785,635.59397,206.29082,108.20175,61.482616,44.771515,1075.2688,1612.9032,2150.5376,3225.8065,8064.5161,54.36,f025 ap030 ac
-221.0782,-682.1092,178.253,825.6296,-18.037945,25.692759,83.22699,451.67394,84.941497,451.19675,66.609814,48.606796,44.035934,39.425183,26.51171,1075.2688,1612.9032,4301.0753,5913.9785,7526.8817,556.9331,211.19336,172.43152,68.887761,68.601929,1075.2688,1612.9032,2150.5376,2688.172,3225.8065,55.54,f025 ap030 ac
-245.1281,-533.5805,189.7916,594.6723,0.87893021,17.80048,95.141863,251.89383,94.891202,251.84926,57.867751,51.494157,47.215532,41.792789,38.716976,1612.9032,4301.0753,4838.7097,5376.3441,8064.5161,208.0334,164.95761,155.81027,83.334175,81.063152,1075.2688,1612.9032,2150.5376,2688.172,3763.4409,55.25,f025 ap030 ac
-166.0629,-667.3389,168.6637,418.1304,5.4857888,-3.9741031,72.760946,303.4075,72.773196,302.62126,39.501701,36.972432,32.471269,32.02515,28.450274,1612.9032,2150.5376,4301.0753,5376.3441,8602.1505,353.87709,174.95495,100.78796,80.15779,58.159079,537.63441,1075.2688,1612.9032,3225.8065,4838.7097,55.36,f025 ap030 ac
-203.9766,-729.0847,192.2223,741.3977,16.892218,-24.336353,100.96186,391.97373,102.09865,391.68105,74.147068,66.275849,56.391677,49.483085,36.897136,1612.9032,3763.4409,4301.0753,5913.9785,7526.8817,465.14009,254.97578,75.836912,73.254995,70.891418,1075.2688,1612.9032,2150.5376,2688.172,3763.4409,54.93,f025 ap030 ac
-305.6162,-444.4578,451.2387,418.168,20.472286,-30.345836,146.86996,220.12918,147.90046,221.62716,83.586694,83.077492,79.147638,78.672315,76.671469,1612.9032,3763.4409,4301.0753,4838.7097,5376.3441,140.0827,137.637,137.34252,126.16299,116.51371,537.63441,1612.9032,2150.5376,2688.172,3225.8065,55.3,f025 ap030 ac
-423.1673,-448.6442,325.945,433.6449,6.6752255,26.604897,150.00943,214.0574,149.75664,215.13568,92.047562,83.999288,80.308,79.975069,77.283153,1612.9032,3763.4409,4301.0753,4838.7097,5376.3441,135.31068,132.95767,130.81759,127.64943,112.31373,537.63441,1612.9032,2150.5376,2688.172,3225.8065,54.52,f025 ap030 ac
-196.6693,-757.3731,238.8851,812.9935,3.1914022,12.956093,110.02269,455.96804,109.77451,454.93177,106.49294,54.742286,48.759423,44.281978,42.338564,1612.9032,3763.4409,4301.0753,5913.9785,7526.8817,569.26603,207.62598,147.5103,113.66756,70.983867,1075.2688,1612.9032,2150.5376,2688.172,3763.4409,54.35,f025 ap030 ac
-196.6693,-669.0751,177.5188,837.2927,8.8766592,-17.177786,80.497355,433.03893,80.771083,432.221,70.537319,36.056201,33.579491,29.765395,25.726063,1612.9032,5376.3441,5913.9785,7526.8817,8602.1505,539.05403,217.58268,106.18888,92.411156,57.601591,537.63441,1075.2688,1612.9032,3225.8065,5376.3441,54.49,f025 ap030 ac
-195.0669,-864.6652,179.4952,837.5671,6.5130237,-23.942681,94.420196,479.85348,94.392363,479.16728,61.681375,57.123339,45.720033,42.589261,39.309361,1612.9032,3763.4409,4301.0753,4838.7097,5913.9785,510.19514,349.48171,149.38652,120.66137,91.153488,1075.2688,1612.9032,2150.5376,2688.172,3763.4409,54.95,f025 ap030 ac
-242.2495,-770.9812,221.9251,445.6871,23.931873,-24.797093,87.804922,355.12032,90.781113,355.03655,51.243891,48.108847,44.7897,39.706362,39.389677,1075.2688,1612.9032,4301.0753,5376.3441,7526.8817,417.06686,176.49237,109.19614,101.89664,75.26283,1075.2688,1612.9032,2150.5376,2688.172,3225.8065,55.36,f025 ap030 ac
-114.1214,-511.005,177.6729,543.8043,23.768255,-15.318,65.612468,259.79085,69.619714,259.5477,37.990905,37.280842,33.122756,30.443802,27.197314,1612.9032,3763.4409,4838.7097,5913.9785,7526.8817,246.67539,211.04733,117.70988,68.955361,47.847131,1075.2688,1612.9032,2150.5376,2688.172,3225.8065,54.46,f025 ap030 ac
-146.4707,-368.4857,121.8919,599.7485,16.660344,13.261649,57.765888,245.90203,59.971831,245.60196,52.185331,31.067769,21.527926,20.176418,16.749916,0,1612.9032,2688.172,7526.8817,8064.5161,302.34497,105.55071,78.094506,62.465821,46.100766,537.63441,1612.9032,2150.5376,2688.172,3225.8065,54.65,f025 ap030 ac
-181.0338,-630.7381,207.9737,783.6976,11.20426,22.439179,78.16455,398.29874,78.756334,397.86562,58.577243,44.16774,40.735299,37.853614,30.064672,4838.7097,5376.3441,6451.6129,7526.8817,8602.1505,511.97057,148.01688,104.28984,84.875378,73.506952,1075.2688,1612.9032,2150.5376,2688.172,3225.8065,55.42,f025 ap030 ac
-167.2748,-719.652,207.9737,998.8725,-4.8377517,-23.653336,80.489101,465.7211,80.419244,465.07607,51.87497,51.638246,39.51387,32.033738,25.445169,537.63441,1612.9032,4301.0753,6451.6129,7526.8817,608.19729,177.59609,128.73725,73.814583,58.238609,537.63441,1075.2688,1612.9032,2150.5376,3225.8065,55,f025 ap030 ac
-214.2763,-679.6995,261.0441,885.6607,10.637546,18.68835,92.773791,488.74363,93.134887,487.7932,76.767921,51.140845,50.965261,38.530623,33.858463,2688.172,3763.4409,5376.3441,5913.9785,7526.8817,660.0534,114.41745,114.2475,81.577131,46.871562,1075.2688,1612.9032,2150.5376,2688.172,3225.8065,55.64,f025 ap030 ac
-229.5714,-696.027,181.6382,723.5665,9.5635837,17.336388,83.892746,401.34615,84.212936,400.64685,49.414242,47.10352,41.432967,38.990446,33.297824,4301.0753,4838.7097,5376.3441,5913.9785,7526.8817,467.22619,221.5604,116.37131,98.839084,85.955324,1075.2688,1612.9032,2150.5376,2688.172,4301.0753,54.31,f025 ap030 ac
-190.08,-789.6665,181.6382,723.5665,-3.3744127,0.18640551,84.026489,354.71829,83.869429,353.76862,57.674412,53.565461,40.999413,32.085597,31.100972,1612.9032,4301.0753,4838.7097,5376.3441,5913.9785,429.50519,181.14267,105.51517,84.82951,65.254009,1612.9032,2150.5376,3225.8065,4838.7097,6451.6129,55.36,f025 ap030 ac
-181.3893,-520.6482,258.3076,684.3855,-1.2961398,44.126718,98.766144,312.62117,98.510237,314.8913,84.51469,56.602843,39.412716,35.308367,35.164713,1612.9032,2688.172,4301.0753,5376.3441,8064.5161,252.1699,234.30008,213.50084,112.86366,81.35652,537.63441,1075.2688,1612.9032,2150.5376,3763.4409,55.11,f025 ap030 ac
-252.4425,-662.2449,267.186,826.8932,8.2682198,20.636498,113.7277,452.42481,113.72418,451.68516,95.41195,59.142739,52.390364,48.78627,36.849988,1612.9032,3763.4409,4301.0753,5376.3441,5913.9785,507.81851,273.74364,152.08968,147.57794,95.930543,537.63441,1612.9032,2150.5376,2688.172,3225.8065,54.39,f025 ap030 ac
-394.3917,-333.1478,264.8149,422.008,4.338674,21.288752,106.49369,184.64685,106.29714,185.37893,53.764207,49.119839,48.849311,48.246216,46.083659,1612.9032,2150.5376,4838.7097,5376.3441,6451.6129,170.27282,102.76376,78.196831,75.619637,62.932278,1075.2688,1612.9032,2150.5376,3225.8065,3763.4409,54.77,f025 ap030 ac
-271.0995,-300.7983,212.7328,351.5089,-25.1474284,2.94740681,10227.6946,18492.5019,103.947584,135.653113,79.175241,50.630536,43.5858488,40.287448,36.9924494,1075.26882,3763.44086,4301.07527,5376.34409,8064.51613,125.641893,76.7673305,70.0835261,61.7604856,41.2714582,1075.26882,1612.90323,2150.53763,2688.17204,8064.51613,43.44,f010 ap100 ac
-212.3329,-341.3424,226.5093,199.6265,-10.5183312,-0.72482996,7541.68009,12385.9642,87.2466936,110.996642,66.2019923,59.3267776,33.4413371,30.3033119,27.2413539,4301.07527,5376.34409,5913.97849,6451.6129,7526.88172,86.0288722,66.1815172,48.7109235,46.700051,46.2410586,537.634409,1075.26882,1612.90323,2150.53763,8064.51613,42.5,f010 ap100 ac
-229.3372,-403.1113,215.4032,398.1804,1.32471898,-6.81749111,10433.6534,38004.162,101.880388,194.544106,84.3134338,62.686341,47.3942045,29.8916202,29.5072019,4301.07527,4838.70968,5376.34409,6451.6129,8064.51613,244.85927,83.9007293,51.6425773,41.9594524,36.3618905,537.634409,1075.26882,1612.90323,2150.53763,7526.88172,43.73,f010 ap100 ac
-272.0454,-323.1212,232.6569,216.1213,-14.4676778,18.7174691,11167.471,16363.3082,106.381698,128.942419,97.5151812,68.2311823,35.9232607,34.2362304,29.3251694,4301.07527,4838.70968,5376.34409,8064.51613,9677.41935,121.998016,88.3260561,63.3234734,47.3157312,32.0681255,537.634409,1075.26882,1612.90323,2150.53763,8064.51613,42.84,f010 ap100 ac
-272.0454,-259.1373,295.3749,259.3538,-2.29539818,2.32653127,12081.2387,13466.501,109.644434,115.757939,74.4255956,71.3262253,70.7741489,36.0023685,35.1529692,3763.44086,4301.07527,4838.70968,5376.34409,6451.6129,95.5419865,75.0699922,70.9046534,35.7780969,33.9533643,537.634409,1612.90323,2150.53763,2688.17204,8064.51613,41.84,f010 ap100 ac
-228.1327,-220.7617,195.0896,335.828,5.13622498,-21.0842301,9098.79148,14865.6073,95.2707492,123.412547,54.1991784,47.6864632,47.1815375,41.4332195,41.321015,1612.90323,4838.70968,5376.34409,5913.97849,7526.88172,100.505506,80.7638329,69.0892234,54.543851,39.9700571,1075.26882,1612.90323,2150.53763,3225.80645,8064.51613,42.79,f010 ap100 ac
-169.5876,-189.8195,272.3793,273.9006,8.5219985,-12.063698,7411.60739,13101.3862,86.2820815,114.790496,64.8140628,59.3393259,37.5380401,32.8494994,31.7227978,1612.90323,4301.07527,5376.34409,6451.6129,8064.51613,111.823129,100.523997,29.9131399,26.0877444,21.794944,537.634409,1075.26882,2150.53763,2688.17204,5376.34409,42.94,f010 ap100 ac
-395.5118,-284.6905,423.5303,205.1097,-13.3842361,-21.4161895,22978.3215,14373.2219,151.771475,121.470214,129.791529,95.5777483,90.5674183,69.4659775,37.7557476,2150.53763,4301.07527,4838.70968,5376.34409,5913.97849,125.438612,63.5624265,44.864088,37.9134912,36.8081654,537.634409,1075.26882,1612.90323,2150.53763,5913.97849,43.1,f010 ap100 ac
-215.486,-197.3041,173.1371,343.4605,-28.0352162,27.0007108,9050.01613,13189.8989,98.9322681,117.679238,76.6053333,56.2845697,48.3139216,34.0931701,29.1383554,1612.90323,3225.80645,3763.44086,4301.07527,7526.88172,120.741898,57.6808223,54.4515905,34.7050795,30.4757396,1075.26882,1612.90323,2688.17204,4838.70968,7526.88172,42.57,f010 ap100 ac
-275.6883,-377.9624,227.1606,349.309,-2.31752143,8.7210554,7731.99484,23831.8155,87.7269524,154.209045,54.1382806,47.3732367,40.0251307,33.1635546,32.5484399,1612.90323,3763.44086,5376.34409,5913.97849,8064.51613,154.922645,82.4558981,75.6059512,68.1738629,37.0265289,1075.26882,1612.90323,2150.53763,2688.17204,3225.80645,43.11,f010 ap100 ac
-215.7402,-201.7841,292.8979,155.083,3.05583987,-17.5517918,9062.21432,6333.81262,94.9899544,81.289651,64.4001184,59.8956356,58.2729389,49.8268931,38.9242287,2150.53763,3763.44086,4301.07527,4838.70968,5376.34409,61.1456221,46.8582036,28.9427992,27.0987257,26.9399338,537.634409,1075.26882,2150.53763,5913.97849,7526.88172,43.13,f010 ap100 ac
-289.6318,-292.7411,181.5751,405.3424,-18.6813301,5.61304267,8139.55894,19566.8868,91.8968116,139.620046,80.4193811,42.9956016,36.3985548,34.6710825,32.098239,2688.17204,3225.80645,4301.07527,4838.70968,7526.88172,117.839725,100.811142,98.7770082,34.0210367,30.3435084,1075.26882,2150.53763,2688.17204,3225.80645,7526.88172,42.76,f010 ap100 ac
-209.8652,-242.4308,149.3671,405.3424,-6.7636917,4.60317888,6098.69591,21149.6671,78.1781945,145.112909,48.1387512,47.4306788,36.2016195,31.557241,29.298212,1612.90323,3763.44086,4301.07527,5376.34409,8064.51613,109.64453,102.055508,92.352725,61.1338031,35.4051232,1075.26882,1612.90323,2150.53763,2688.17204,5376.34409,42.82,f010 ap100 ac
-140.3099,-358.4194,169.2725,357.5037,-5.75158704,10.7258134,4570.26298,31936.2929,67.6675981,178.551263,38.9248796,38.3548532,30.4027276,25.2726729,24.6878812,1612.90323,3763.44086,4301.07527,5376.34409,5913.97849,179.845619,114.394069,85.0422953,64.2118041,37.6741366,1075.26882,1612.90323,2150.53763,2688.17204,3225.80645,42.92,f010 ap100 ac
-219.4508,-392.7669,210.6263,272.6469,0.44898994,-1.20182469,6675.71619,29359.2591,81.4875375,170.890907,61.2806156,40.8047998,39.5911859,38.7999713,34.2634051,1612.90323,4301.07527,4838.70968,5913.97849,8064.51613,164.209642,110.569558,83.7441451,62.9738312,59.2594947,1075.26882,1612.90323,2150.53763,2688.17204,3225.80645,43.02,f010 ap100 ac
-224.497,-262.0717,216.3289,360.8852,5.37912094,3.92938425,6587.46676,25996.287,81.124439,160.849959,59.5411535,43.4532587,40.6455578,37.3759422,36.1476791,1612.90323,4301.07527,4838.70968,5913.97849,8064.51613,144.759191,116.706486,81.8583534,55.2144002,52.3819208,1075.26882,1612.90323,2150.53763,2688.17204,3225.80645,43.05,f010 ap100 ac
-141.2542,-323.3768,145.21,342.6726,20.003285,-3.11896924,3744.1042,28251.7145,64.2200409,167.661456,32.9008292,31.601982,27.7126007,25.861617,25.0211944,1612.90323,2688.17204,3763.44086,4301.07527,5913.97849,158.674038,94.6921946,93.7768311,62.1452363,53.02526,1075.26882,1612.90323,2150.53763,2688.17204,3225.80645,43.06,f010 ap100 ac
-180.4046,-281.1033,258.453,290.1223,19.426547,-5.57999093,5233.57265,12809.4141,74.7193171,113.013499,40.2825562,35.854282,30.7230553,30.0576331,25.8384083,3763.44086,4301.07527,5376.34409,5913.97849,8064.51613,78.7766458,75.1125552,56.8305842,52.9980801,33.2439126,1075.26882,1612.90323,2150.53763,2688.17204,8064.51613,42.79,f010 ap100 ac
-200.2363,-281.1033,258.453,239.6557,25.046952,-6.36975264,7544.56216,15459.7223,90.1752001,124.167724,62.7676792,37.7453535,37.496989,35.8119602,35.324065,2688.17204,4838.70968,5376.34409,6989.24731,7526.88172,89.9849562,76.0381149,67.5695035,59.0783374,55.6433294,1075.26882,2150.53763,2688.17204,7526.88172,8064.51613,42.82,f010 ap100 ac
-216.5773,-222.077,191.9043,325.5645,9.20685913,22.1570257,9029.38255,13505.3469,95.2148273,118.000252,72.6100248,52.069882,46.9444209,40.6575374,36.8928839,3763.44086,4838.70968,5376.34409,5913.97849,6451.6129,89.3863712,72.1969429,53.1143522,53.045719,52.6062381,537.634409,1075.26882,1612.90323,2150.53763,7526.88172,43.21,f010 ap100 ac
-162.0197,-284.6241,235.5002,268.6509,17.3776257,-6.11775125,7266.74148,18020.79,86.7747877,134.021823,66.9975999,42.0274168,41.4604542,37.0253465,30.9049182,3225.80645,3763.44086,4838.70968,5913.97849,6451.6129,123.835338,79.8214175,77.0269035,57.8005404,42.0895246,537.634409,1075.26882,1612.90323,2150.53763,3763.44086,42.92,f010 ap100 ac
-115.4615,-452.231,247.791,257.2799,18.0187329,-8.71305624,4778.14976,16139.8039,71.254985,127.001623,50.35747,32.8189639,32.7644559,30.4032484,29.3191413,2150.53763,4838.70968,5376.34409,5913.97849,7526.88172,82.5753076,79.9246114,76.4034263,63.169656,53.1782959,537.634409,1075.26882,1612.90323,2688.17204,3225.80645,43.13,f010 ap100 ac
-258.3457,-254.1186,442.186,375.5585,14.6988706,15.8168717,16937.9315,18475.4066,130.626992,136.479966,121.415494,79.9684742,51.8486931,48.7319237,40.9042846,4301.07527,4838.70968,5913.97849,6451.6129,7526.88172,115.393035,84.6747788,63.0760757,50.1939155,48.7952982,1075.26882,1612.90323,2150.53763,3225.80645,7526.88172,42.7,f010 ap100 ac
-276.9128,-291.0439,329.6339,375.5585,10.0615369,5.23742232,18693.2893,13779.9291,136.72805,117.190743,141.930695,79.0657824,53.8625738,53.3909094,33.0176374,1612.90323,3763.44086,4838.70968,5913.97849,7526.88172,84.8164374,81.4644227,66.1225007,60.6643328,45.6805922,537.634409,1075.26882,1612.90323,2150.53763,3225.80645,42.96,f010 ap100 ac
-237.4046,-236.1136,163.0077,236.7961,2.09584023,-12.2415626,7209.54697,9800.45511,84.7076489,99.4882009,47.238875,47.1899791,42.73722,41.4844308,34.9101002,1612.90323,3225.80645,3763.44086,5376.34409,6451.6129,74.7043175,67.1342057,50.2181119,36.2800595,32.1906894,537.634409,1612.90323,3225.80645,4301.07527,7526.88172,42.94,f010 ap100 ac
-239.9835,-388.5998,286.808,302.8287,0.69533108,-7.29727955,9410.33741,18490.4071,96.7496679,135.811554,76.2237777,68.833027,39.0977338,35.071838,31.7145148,4301.07527,4838.70968,5376.34409,6989.24731,8064.51613,111.054973,68.4327798,67.3866959,65.4530873,50.311644,1075.26882,1612.90323,2150.53763,7526.88172,8064.51613,43.22,f010 ap100 ac
-205.4082,-247.0368,275.0254,196.7491,-12.7075988,21.2701434,10282.8783,13393.0144,101.928272,117.361889,109.934267,32.5233524,32.1944488,31.035745,30.1823511,4301.07527,4838.70968,5376.34409,6989.24731,9677.41935,130.819801,58.3099744,44.8945052,33.3725333,27.1707474,1075.26882,1612.90323,2150.53763,2688.17204,3225.80645,42.56,f010 ap100 ac
-261.041,-330.0633,191.1582,370.0608,2.01440553,-7.46493114,10147.578,27588.0409,100.485674,165.819892,95.3997373,56.9863777,33.6947809,33.6051399,31.7126281,1612.90323,4301.07527,4838.70968,5913.97849,8064.51613,196.545338,92.8642282,37.5714397,34.5977106,31.7223594,537.634409,1612.90323,2150.53763,2688.17204,3225.80645,42.87,f010 ap100 ac
-261.041,-309.2858,265.4315,305.8057,-15.4084774,-3.15111179,10216.7058,21111.4948,101.977901,144.943191,68.5681126,65.0686059,45.4370997,39.9167365,38.3885707,3225.80645,3763.44086,4838.70968,5376.34409,5913.97849,143.694406,83.6479537,53.9649765,50.2267062,45.6282422,537.634409,1612.90323,2150.53763,3225.80645,8064.51613,42.89,f010 ap100 ac
-268.847,-315.0596,196.0214,349.5951,-26.0135757,1.03851995,9716.69763,19546.9082,101.692885,139.4398,77.3134368,44.9341501,40.8031041,40.2086641,39.9535662,1075.26882,3763.44086,4301.07527,5376.34409,8064.51613,126.502896,79.3978244,78.1342513,58.7726418,47.6142425,1075.26882,1612.90323,2150.53763,2688.17204,8064.51613,42.56,f010 ap100 ac
-230.3066,-564.1066,165.9938,521.0101,-25.70743283,-18.59463235,5945.420642,86846.81955,81.08223059,294.4922096,55.49010743,46.086665,39.59178029,31.56962444,30.85784696,3763.44086,4301.075269,4838.709677,5913.978495,6989.247312,344.7426393,143.8101963,125.736616,78.81554549,46.77572617,1075.268817,1612.903226,2688.172043,3225.806452,3763.44086,80.73,f025 ap100 ac
-171.0545,-560.892,180.7826,642.2146,-9.082396266,-45.83321629,4732.682542,75356.99573,69.20884337,277.5872851,41.05246712,40.15546248,33.9774673,33.48053692,30.0975534,2688.172043,3763.44086,4301.075269,5913.978495,8064.516129,253.0775734,203.8070401,133.3618074,105.9588628,101.349937,537.6344086,1075.268817,1612.903226,2150.537634,2688.172043,77.8,f025 ap100 ac
-207.8235,-433.1973,251.2214,416.6906,3.430307428,-2.680653706,8561.8833,41565.46969,92.34643922,203.3479293,76.58728192,60.93643029,53.37175767,30.27137625,27.45690081,1075.268817,4301.075269,4838.709677,5913.978495,6451.612903,177.1007759,148.2457006,104.1849783,93.35790525,77.59411939,537.6344086,1075.268817,1612.903226,2150.537634,2688.172043,76.99,f025 ap100 ac
-213.8815,-272.6568,179.2423,417.9679,16.36211603,-12.88613081,6408.372238,30001.77402,81.4973724,173.2264099,72.67439714,38.56236228,31.11296918,28.87461584,26.46288917,1612.903226,2150.537634,5376.344086,6989.247312,8064.516129,193.208666,82.39762734,69.80524157,55.69232136,46.13001141,1075.268817,1612.903226,2688.172043,3225.806452,4838.709677,78.65,f025 ap100 ac
-129.6871,-659.0347,173.8656,730.4172,5.819630481,17.95285143,4220.692643,114728.4154,65.0537485,338.2856771,41.24961558,32.03191135,31.79853234,28.34836556,23.4002782,1075.268817,1612.903226,4301.075269,5376.344086,5913.978495,291.6381611,243.0689493,231.3660354,117.5253641,89.40936699,537.6344086,1075.268817,1612.903226,2150.537634,2688.172043,79.71,f025 ap100 ac
-155.3011,-443.4784,173.8656,727.5702,2.737598598,47.54429829,5263.682641,94510.51022,72.40876364,310.2669282,45.3741504,43.90020777,33.15746504,31.24423344,29.57412143,3225.806452,3763.44086,4838.709677,6451.612903,7526.88172,256.8904525,251.5431772,205.1829816,86.73214947,61.03561487,1075.268817,1612.903226,2150.537634,2688.172043,3225.806452,79.38,f025 ap100 ac
-191.0866,-523.7047,113.4386,453.9799,-0.5803614417,7.154761872,4831.111126,58067.63468,69.32252972,240.4335733,51.43628127,40.19031939,37.35338829,30.54657482,27.96487585,2688.172043,3225.806452,4301.075269,4838.709677,5913.978495,214.119195,206.040701,96.45394657,93.52009358,74.88812993,537.6344086,1075.268817,1612.903226,2150.537634,3225.806452,79.35,f025 ap100 ac
-355.1085,-551.0495,187.3544,581.9247,0.2367780834,-20.88532529,8488.065185,95303.33087,91.88433232,308.5933962,58.9694942,55.29368279,49.7191232,47.19598027,38.3273247,4301.075269,4838.709677,5376.344086,5913.978495,6451.612903,325.041608,202.611932,120.6036853,89.40797831,75.8017292,537.6344086,1075.268817,1612.903226,2150.537634,3225.806452,78.69,f025 ap100 ac
-202.7018,-551.0495,176.5551,377.6401,-3.241349787,3.751841749,7845.774406,48594.18487,88.39866934,219.8826943,63.91094783,59.91716468,45.60086051,37.3572851,32.18869314,2688.172043,4838.709677,5376.344086,5913.978495,6451.612903,178.8717345,168.2956794,145.4748005,76.93216071,69.93115478,537.6344086,1075.268817,1612.903226,2150.537634,2688.172043,79.2,f025 ap100 ac
-226.5301,-626.9202,170.2116,733.1284,-2.607262396,-13.10810117,6346.35767,130981.6097,79.49350757,361.1827731,63.24767522,41.70276639,35.41449416,30.66566854,30.24340188,1612.903226,4301.075269,4838.709677,6451.612903,7526.88172,411.7472638,205.2945173,129.7715092,100.4230332,87.5013074,1075.268817,1612.903226,2150.537634,2688.172043,3225.806452,78.25,f025 ap100 ac
-168.2218,-663.3058,201.8428,735.1295,-5.339278583,-4.964063245,6195.023666,130171.833,78.67911472,359.8615968,52.133583,51.67131978,42.58332317,25.06121571,24.57476791,1612.903226,2150.537634,4301.075269,4838.709677,8064.516129,378.5788535,255.548379,166.0771356,104.3426311,55.19794742,1075.268817,1612.903226,2150.537634,2688.172043,3225.806452,78.95,f025 ap100 ac
-132.1289,-619.083,215.8179,735.1295,6.698904383,-14.45745984,6427.793615,146988.2987,80.23899119,382.6372736,62.49485673,39.47221031,39.01819432,37.48068753,30.61747617,1612.903226,4301.075269,5376.344086,5913.978495,7526.88172,380.1303936,337.6133108,116.7578824,88.36785841,86.28305715,537.6344086,1075.268817,1612.903226,2688.172043,3225.806452,78.42,f025 ap100 ac
-195.3196,-619.083,192.9774,646.2092,1.436612372,12.95623842,9805.174469,124150.5504,98.76641249,351.6454291,60.19823435,57.20266216,50.15677063,46.45458808,43.8429939,1612.903226,3225.806452,3763.44086,4301.075269,5913.978495,233.3952513,226.5219365,217.1685702,216.4124526,107.9094532,537.6344086,1075.268817,1612.903226,2150.537634,2688.172043,78.7,f025 ap100 ac
-221.2333,-731.1998,186.0757,774.3373,-16.04943762,21.52008716,7299.565079,210584.0154,86.70706096,458.1713782,56.34570864,45.98949361,43.2025525,40.29984217,36.02419733,4301.075269,4838.709677,5376.344086,7526.88172,8064.516129,439.1772281,356.811137,166.3722015,162.0451819,117.4301146,1075.268817,1612.903226,2150.537634,2688.172043,3763.44086,79.29,f025 ap100 ac
-250.5309,-859.508,194.4809,786.7047,-7.984989033,-9.833348984,7468.012007,287033.5086,86.55539362,534.4111383,53.75619278,51.04350928,45.35345605,40.63518864,33.92109669,1612.903226,3225.806452,4838.709677,5376.344086,5913.978495,498.0557104,351.0501885,337.5311271,130.6789742,112.9743788,1075.268817,1612.903226,2150.537634,2688.172043,3225.806452,78.32,f025 ap100 ac
-217.3342,-788.794,218.4047,853.2436,-9.508297659,-2.004552674,7247.941232,274293.7605,85.43763757,522.3322383,55.87047044,47.67065432,46.34785753,38.87405662,34.50973647,1612.903226,3225.806452,4838.709677,5376.344086,5913.978495,487.6137228,347.2280659,345.0354883,119.9329721,103.2952445,1075.268817,1612.903226,2150.537634,3225.806452,3763.44086,78.48,f025 ap100 ac
-177.1536,-722.2217,185.0987,733.9476,1.65438584,-40.18742115,7762.967841,216607.3829,87.88738042,465.9013666,54.29239863,50.5223133,49.87831194,44.41375158,38.3427798,4301.075269,4838.709677,5376.344086,7526.88172,8064.516129,463.0112788,320.8605366,217.709681,135.7737638,130.0187006,1075.268817,1612.903226,2150.537634,2688.172043,3763.44086,78.75,f025 ap100 ac
-177.1536,-719.4847,146.6184,392.4297,-6.782016476,-37.49904362,6057.521388,98986.3353,77.91741765,316.0113525,50.48301786,49.65802852,47.86382775,28.16463736,21.28834273,1612.903226,3225.806452,3763.44086,5376.344086,9139.784946,233.6597332,185.9762782,179.7491697,173.1873635,117.8315988,537.6344086,1075.268817,1612.903226,2150.537634,2688.172043,78.53,f025 ap100 ac
-288.1465,-623.4402,235.2993,406.1111,-0.1661040321,1.268530642,8798.253108,92620.87489,93.54801557,303.524604,60.80699689,53.33297787,50.17510943,44.343021,35.79698168,1612.903226,4838.709677,5376.344086,5913.978495,6451.612903,272.1464266,249.7302343,162.6409282,101.129085,61.58858825,537.6344086,1075.268817,1612.903226,2688.172043,3225.806452,79.22,f025 ap100 ac
-173.8841,-600.5091,235.2993,644.2678,4.143241666,-37.19697588,7153.097673,115239.877,84.45124194,340.59835,53.37983451,44.04827083,41.65520366,41.621167,33.39169852,1612.903226,4301.075269,4838.709677,5376.344086,8064.516129,310.6838934,249.4371456,166.7238617,157.2060123,106.4141386,537.6344086,1075.268817,1612.903226,2150.537634,2688.172043,79.5,f025 ap100 ac
-195.8558,-700.7647,229.1659,633.4393,5.223429572,-4.132086269,6760.576363,83454.74768,82.16877609,288.1415273,48.11776631,47.05662496,46.64674641,41.35319623,32.32255071,4301.075269,4838.709677,5376.344086,5913.978495,8064.516129,279.9476957,218.3686491,123.4585617,110.1079759,73.62086335,537.6344086,1075.268817,1612.903226,2150.537634,3225.806452,78.27,f025 ap100 ac
-346.0383,-700.7647,233.9282,462.1002,14.58582639,-25.02743861,14460.88568,88069.33336,120.8151525,297.026509,73.65327946,72.64358929,66.80829374,47.3026176,43.58669803,1612.903226,4301.075269,4838.709677,5913.978495,6451.612903,344.0222982,149.1547601,116.6120009,95.14708849,64.97069486,1075.268817,1612.903226,2150.537634,2688.172043,3763.44086,78.38,f025 ap100 ac
-246.1565,-372.2333,227.4182,372.5654,20.40341153,-28.84617211,7672.085585,36617.79378,89.70706545,193.0131559,51.15996074,46.94829392,44.35532595,43.98601454,38.99616967,1612.903226,5376.344086,5913.978495,6451.612903,6989.247312,176.9781355,174.2413214,68.18412473,44.18840734,29.68371726,537.6344086,1075.268817,1612.903226,2150.537634,4838.709677,79.08,f025 ap100 ac
-246.1565,-561.887,196.4689,718.8054,8.31485961,24.71809916,7311.507603,77552.09978,85.6828193,278.8339418,85.65878237,34.26407908,32.05157597,24.87420268,24.63840468,1612.903226,2688.172043,4301.075269,5376.344086,8064.516129,282.8050286,184.8756873,134.6159397,73.89453524,70.32116435,537.6344086,1075.268817,1612.903226,2150.537634,2688.172043,78.59,f025 ap100 ac
-201.6919,-587.8779,262.7285,718.8054,17.36568588,35.58552103,7907.638666,166533.7636,90.37100683,408.5456376,61.35994847,54.70376895,44.09710677,37.2973873,29.30634013,4301.075269,4838.709677,5376.344086,5913.978495,8064.516129,446.8677175,286.7175491,183.6152486,60.90508315,46.35185636,537.6344086,1075.268817,1612.903226,2150.537634,3225.806452,79.48,f025 ap100 ac
-138.394,-466.9634,181.9447,477.7747,12.02728593,9.204222624,4601.75874,62209.09017,68.71539864,248.9199449,59.42535039,36.35760828,31.87881082,26.49814268,21.55585126,1075.268817,3763.44086,4301.075269,4838.709677,5913.978495,240.856281,141.7129187,113.1831951,69.02025791,63.76768179,1075.268817,1612.903226,2688.172043,4301.075269,5376.344086,79.48,f025 ap100 ac
-157.4305,-550.7706,214.2242,535.2363,21.51820864,-8.094127139,5612.649852,86376.9038,77.75390012,293.2243341,75.57035622,30.67008871,29.0358749,26.81881211,25.79084399,537.6344086,2150.537634,5376.344086,6989.247312,8064.516129,348.936563,118.9136713,115.2466162,107.9790861,81.72161969,1075.268817,1612.903226,2150.537634,2688.172043,3225.806452,78.99,f025 ap100 ac
-233.7689,-682.4679,261.4802,414.0007,-2.472603632,0.2334662086,7547.376821,65878.63212,86.67831497,255.9812385,63.88259118,55.12745085,42.34045415,37.53571571,32.77491894,4301.075269,4838.709677,5913.978495,6451.612903,7526.88172,246.2949265,168.7008096,159.4156762,95.76590327,45.9173853,537.6344086,1075.268817,1612.903226,2150.537634,2688.172043,79.31,f025 ap100 ac
-150.2815,-612.3417,170.4274,757.8826,-13.74570881,-50.48824443,4642.012037,110581.972,69.32627895,335.4693539,41.80678974,40.23893392,33.24202175,31.42597859,25.45445642,1612.903226,2688.172043,3763.44086,5913.978495,8064.516129,371.5791292,199.2744257,145.686331,98.81246747,79.97198738,537.6344086,1075.268817,1612.903226,2150.537634,2688.172043,78.63,f025 ap100 ac
-227.2194,-612.3417,166.8212,596.272,-28.52334671,-21.96352272,5677.701112,103159.373,80.37985059,321.0764939,53.03736882,42.96760996,41.68874626,30.98797829,29.02430855,3763.44086,4301.075269,4838.709677,5913.978495,6989.247312,383.3104933,152.722653,137.861378,75.07687936,53.72668452,1075.268817,1612.903226,2150.537634,2688.172043,3225.806452,78.97,f025 ap100 ac
-199.7886,-570.6771,214.8507,466.5835,11.431285,14.684679,84.378008,246.39446,84.923759,246.1696,65.944935,44.225248,44.018905,36.638694,32.195267,1612.9032,4301.0753,5376.3441,7526.8817,8064.5161,243.93358,166.35206,121.50547,65.529884,61.626174,1612.9032,2150.5376,2688.172,3763.4409,5376.3441,27.99,f010 ap030 al
-148.0151,-505.8318,292.7345,497.3753,17.264868,33.783399,87.171821,198.97803,88.636145,201.3004,64.19605,56.905147,40.72427,38.863316,26.001214,1612.9032,3763.4409,4301.0753,4838.7097,5376.3441,167.83263,164.67586,110.8583,58.545421,42.285845,1612.9032,2150.5376,3763.4409,5376.3441,5913.9785,28.8,f010 ap030 al
-171.7394,-337.6503,204.8633,264.712,14.874552,14.21133,87.758326,143.26222,88.778328,143.58367,57.134666,52.828504,44.666605,34.550643,32.839129,2150.5376,3225.8065,4838.7097,5376.3441,6451.6129,107.51991,81.025881,71.679432,70.439635,54.1947,2150.5376,3763.4409,5376.3441,6989.2473,7526.8817,28.2,f010 ap030 al
-163.657,-411.5924,194.0229,247.3617,15.913145,-9.0996225,73.934641,159.29668,75.43426,159.13057,39.332382,36.713101,34.013081,33.593954,31.850033,1075.2688,3225.8065,4301.0753,5376.3441,7526.8817,135.49194,94.514986,77.223716,73.241928,60.401113,1612.9032,2150.5376,3763.4409,5376.3441,5913.9785,29.56,f010 ap030 al
-188.0364,-443.8675,217.1,264.0585,-12.619539,-31.777016,88.216806,159.48458,88.881053,162.20077,50.749216,43.912123,41.862068,38.374087,37.829967,1612.9032,2150.5376,3763.4409,5376.3441,7526.8817,125.42137,98.501934,59.960107,59.868108,56.638225,537.63441,3763.4409,5376.3441,5913.9785,7526.8817,26.99,f010 ap030 al
-267.608,-487.445,235.4381,382.3377,-11.583972,-17.617723,98.564753,204.9828,98.981044,205.19171,73.344579,61.358378,56.301483,45.926803,30.21904,3763.4409,4301.0753,5376.3441,5913.9785,6989.2473,153.27887,142.10976,125.30787,97.049047,62.305456,1612.9032,2150.5376,3763.4409,4838.7097,5376.3441,28.77,f010 ap030 al
-211.3694,-598.7679,225.9997,574.296,-6.8577977,20.447618,92.913613,291.81135,92.918262,291.7475,55.703425,50.920146,45.39709,42.165713,40.032323,2150.5376,5376.3441,5913.9785,6989.2473,7526.8817,283.02173,213.72982,102.68922,98.648981,82.921422,1612.9032,2150.5376,2688.172,3763.4409,7526.8817,28.36,f010 ap030 al
-246.5861,-487.7976,256.5702,496.5071,-11.869643,-3.5484667,112.74086,275.0658,113.06379,274.35229,94.67221,69.364946,58.810477,41.714052,41.355873,3763.4409,4838.7097,5376.3441,6989.2473,7526.8817,260.20486,191.91034,88.913651,88.827941,79.241002,1612.9032,2150.5376,3225.8065,3763.4409,7526.8817,28.72,f010 ap030 al
-306.4928,-654.2542,254.1325,573.5242,4.3091608,6.282488,100.45167,330.89358,100.27535,330.06745,75.28665,69.49177,48.962391,38.448022,32.974797,3225.8065,4301.0753,5376.3441,5913.9785,7526.8817,322.66658,258.50524,93.63109,93.238411,73.617526,1612.9032,2150.5376,2688.172,3225.8065,3763.4409,28.52,f010 ap030 al
-272.2131,-618.3984,159.7081,689.8919,-10.8779,27.963716,83.158009,350.44554,83.645701,350.62415,56.659901,49.234172,37.764837,34.914943,33.773366,1612.9032,4301.0753,4838.7097,5376.3441,7526.8817,365.68215,245.39137,101.17488,94.609081,85.73486,1612.9032,2150.5376,2688.172,3225.8065,7526.8817,28.29,f010 ap030 al
-220.6655,-608.3301,158.1626,619.7705,-18.03795,27.280503,77.652051,324.74958,79.517064,325.02699,50.620041,46.719975,44.031233,38.817673,25.384913,1612.9032,4301.0753,4838.7097,5376.3441,8064.5161,336.16047,216.66205,109.15548,100.7962,90.749626,1612.9032,2150.5376,2688.172,3225.8065,5376.3441,28.44,f010 ap030 al
-121.0387,-784.5057,182.577,845.6707,-10.70815,11.387961,59.551553,477.81571,60.349708,476.67246,53.036718,26.761973,23.714038,23.569981,20.282303,1075.2688,2150.5376,4301.0753,4838.7097,5376.3441,498.31372,371.57587,141.14737,115.49582,104.09624,1612.9032,2150.5376,2688.172,3225.8065,7526.8817,28.68,f010 ap030 al
-160.6329,-819.541,182.577,852.7455,-11.842384,11.95562,75.041507,532.95917,75.771738,531.66668,46.840561,40.651848,40.35001,36.191055,32.887729,1612.9032,3763.4409,4301.0753,6451.6129,7526.8817,560.55707,378.36623,173.42134,153.43096,122.91416,1075.2688,1612.9032,2150.5376,2688.172,3225.8065,28.02,f010 ap030 al
-230.751,-841.5666,172.846,832.1287,-10.243362,9.1523724,83.475416,597.46382,83.879728,595.93447,56.260493,55.555537,33.685816,32.875733,30.828514,537.63441,1612.9032,5376.3441,5913.9785,6989.2473,663.84393,403.29502,171.72459,151.04168,124.31175,1075.2688,1612.9032,2150.5376,2688.172,3225.8065,28.21,f010 ap030 al
-230.751,-851.7355,228.5086,840.5279,-4.7816905,-4.3466156,93.69925,572.9188,93.57064,571.40142,76.468874,62.868823,43.087758,35.795807,33.659874,3763.4409,4838.7097,5376.3441,5913.9785,8064.5161,647.75693,379.37726,162.1137,126.41695,115.40564,1075.2688,1612.9032,2150.5376,2688.172,3225.8065,28.78,f010 ap030 al
-217.8377,-878.1071,253.6792,859.707,8.0040312,-15.124063,92.060845,606.08902,92.162584,604.65547,72.664405,70.656894,33.793627,32.876449,32.719719,3763.4409,4838.7097,5376.3441,5913.9785,8064.5161,688.03582,394.87733,167.22463,126.67064,126.17261,1075.2688,1612.9032,2150.5376,2688.172,3225.8065,28.21,f010 ap030 al
-179.9373,-947.4766,253.6792,895.886,17.646732,-31.840065,83.156687,670.83853,84.790701,669.79966,60.327039,54.648196,35.198453,29.744504,27.764374,4301.0753,5376.3441,5913.9785,6989.2473,7526.8817,751.41672,433.97776,182.78175,158.44125,149.73156,1075.2688,1612.9032,2150.5376,2688.172,5376.3441,28.46,f010 ap030 al
-160.5411,-1007.625,163.7916,956.2577,10.349948,-42.554055,62.696082,672.69361,63.379017,672.24078,38.724786,33.048543,32.315292,28.084499,26.047097,3763.4409,4301.0753,5376.3441,6451.6129,8064.5161,727.22761,459.14825,201.78732,192.00655,134.97179,1075.2688,1612.9032,2150.5376,2688.172,5376.3441,28.69,f010 ap030 al
-113.0003,-995.4295,93.83736,1014.146,8.3319857,-37.619313,50.941712,674.93344,51.484004,674.17679,30.524971,23.25502,21.516066,20.184306,18.862848,2688.172,4838.7097,5376.3441,5913.9785,6989.2473,704.78376,496.0009,207.46331,179.27265,137.57735,1075.2688,1612.9032,2150.5376,2688.172,3225.8065,28.78,f010 ap030 al
-100.7989,-1005.954,93.60433,1035.847,5.0324262,-44.702643,48.762969,655.40998,48.892094,655.18199,29.011538,23.815644,23.323075,21.229779,19.105772,2150.5376,2688.172,3763.4409,5913.9785,6451.6129,710.31176,461.78133,185.77308,180.46793,142.93438,1075.2688,1612.9032,2150.5376,2688.172,3225.8065,28.45,f010 ap030 al
-150.4672,-1033.166,175.6772,1090.43,1.1904787,-48.715935,73.222494,672.7027,73.036152,672.66799,50.451323,45.561834,34.623761,33.754318,27.720891,3763.4409,4301.0753,5376.3441,5913.9785,7526.8817,719.42582,474.65563,187.41142,178.732,167.60679,1075.2688,1612.9032,2150.5376,2688.172,5376.3441,27.93,f010 ap030 al
-163.6379,-989.04,203.04,1157.74,7.5500386,-16.825258,79.646947,654.48075,79.791705,652.94528,57.446745,42.471359,42.298083,31.575497,26.036325,4301.0753,5376.3441,5913.9785,6451.6129,8064.5161,671.40562,464.04152,212.95092,197.41009,181.07688,1075.2688,1612.9032,2150.5376,2688.172,5376.3441,27.86,f010 ap030 al
-145.5479,-957.5313,166.728,1094.241,-2.6432313,-28.250734,64.314362,630.94649,64.196607,629.89105,39.350017,38.373244,32.066028,26.041665,24.672491,4838.7097,5376.3441,5913.9785,6451.6129,8064.5161,661.83264,436.35697,221.52478,194.70572,139.79762,1075.2688,1612.9032,2150.5376,2688.172,5376.3441,28.42,f010 ap030 al
-164.7809,-981.518,168.8783,925.2708,-8.3785602,-34.295466,72.878211,573.38055,73.164415,572.87288,46.898139,43.625233,35.950094,32.186463,26.671311,4301.0753,4838.7097,5913.9785,6989.2473,7526.8817,579.56751,403.88547,205.28412,186.38983,130.10661,1075.2688,1612.9032,2150.5376,2688.172,5376.3441,28.37,f010 ap030 al
-165.9511,-981.518,130.1206,1097.219,0.25870791,-31.829521,67.920281,580.6432,67.738926,579.96269,44.757648,39.903827,32.252728,29.561464,27.971566,2688.172,4301.0753,4838.7097,5376.3441,5913.9785,529.8434,481.70563,179.79714,162.68215,147.57749,1075.2688,1612.9032,2150.5376,2688.172,5376.3441,28.75,f010 ap030 al
-185.5272,-904.8555,238.1243,1122.672,-14.113621,-39.051615,88.121388,532.26382,89.011501,532.27324,69.263219,43.715688,37.900422,33.19054,32.547123,1612.9032,5376.3441,6989.2473,7526.8817,8602.1505,541.38454,383.25814,180.04657,133.66029,124.6761,1075.2688,1612.9032,2150.5376,2688.172,3225.8065,28.54,f010 ap030 al
-163.0188,-873.5882,185.6589,871.6165,9.4795461,-11.64397,70.923229,456.86619,71.365729,455.79174,51.110305,40.912013,32.386359,29.597719,28.128231,1612.9032,3225.8065,4301.0753,4838.7097,5913.9785,416.52049,399.29965,107.43301,105.49649,100.29996,1612.9032,2150.5376,2688.172,3763.4409,5913.9785,28.46,f010 ap030 al
-173.0999,-792.8318,185.0064,707.5141,-0.31583564,26.709977,81.048992,341.27672,80.83261,341.40942,50.651962,43.22727,39.884554,35.761787,34.177931,2150.5376,3225.8065,4838.7097,5376.3441,7526.8817,332.16081,207.09339,120.1945,110.17868,93.961056,1075.2688,1612.9032,2150.5376,2688.172,5376.3441,28.33,f010 ap030 al
-156.9514,-732.8814,324.2652,797.7955,8.2455205,40.035145,88.444917,358.41767,88.592665,359.69302,65.122756,64.779498,44.130285,30.93317,25.806378,1612.9032,3763.4409,4838.7097,5376.3441,7526.8817,386.00031,222.52604,178.62974,77.512321,70.171391,1612.9032,2150.5376,2688.172,3763.4409,5376.3441,28.08,f010 ap030 al
-197.7221,-678.0832,210.5619,694.9021,7.5392885,14.511511,84.1359,314.68209,84.248655,314.17489,66.308758,48.876253,42.407099,35.104926,32.704308,1612.9032,4301.0753,5376.3441,7526.8817,8064.5161,327.34405,177.11143,175.1958,81.829635,80.219118,1612.9032,2150.5376,2688.172,3763.4409,5376.3441,28.75,f010 ap030 al
-208.7765,-556.5268,315.7764,899.7016,-23.474977,45.363796,115.1171,455.00549,117.18265,456.04255,75.596926,64.886005,54.647287,54.637258,49.245858,3763.4409,4301.0753,5376.3441,5913.9785,6451.6129,471.40869,331.66754,140.50132,135.12371,94.025428,537.63441,1075.2688,1612.9032,2150.5376,3763.4409,31.3,f025 ap030 al
-361.9244,-707.9113,341.1054,993.6757,-9.3004627,58.669983,142.33276,556.42948,142.25603,558.03247,121.97291,86.903366,65.802521,60.751841,53.493585,3763.4409,4301.0753,4838.7097,5376.3441,8064.5161,722.83103,220.27056,160.85346,84.027372,72.047215,537.63441,1075.2688,1612.9032,2150.5376,3225.8065,30.97,f025 ap030 al
-279.2492,-707.0136,271.8102,872.8677,0.76231094,28.725243,110.76697,469.21501,110.47304,468.83956,99.604267,59.345116,54.444562,38.989181,37.77645,3225.8065,4301.0753,4838.7097,5376.3441,5913.9785,556.80127,287.45789,102.28903,99.394861,99.29175,1612.9032,2150.5376,2688.172,3225.8065,3763.4409,30.77,f025 ap030 al
-343.5099,-847.8494,302.191,943.62,2.8524418,25.902072,112.67884,496.84743,112.41335,496.1937,100.01827,92.548662,39.450278,33.351009,24.587544,2150.5376,2688.172,4301.0753,4838.7097,8064.5161,546.70116,287.41195,174.97223,168.88536,145.48814,1075.2688,1612.9032,2150.5376,2688.172,3225.8065,30.48,f025 ap030 al
-227.0998,-873.2582,210.6277,1091.565,8.5474558,63.921767,107.68374,628.81782,107.73503,630.38349,70.374704,64.44131,60.308808,51.316971,41.033199,3763.4409,4301.0753,4838.7097,5913.9785,7526.8817,743.29417,361.78561,198.52995,127.48306,109.2203,537.63441,1075.2688,1612.9032,2150.5376,3763.4409,31.12,f025 ap030 al
-299.2604,-942.3538,259.9712,1151.307,0.61491697,37.116404,108.50004,645.46251,108.21129,644.8035,90.590349,75.798501,58.474428,35.085639,27.570209,4301.0753,4838.7097,5376.3441,6451.6129,8064.5161,798.21043,304.40832,176.75243,123.1525,117.27389,1612.9032,2150.5376,3763.4409,4301.0753,4838.7097,30.94,f025 ap030 al
-193.4029,-958.0876,192.1723,1015.932,2.2697493,-26.848119,85.694708,619.54021,85.495404,618.46449,71.615853,58.999339,41.302792,30.816172,26.683498,2688.172,4301.0753,4838.7097,5913.9785,6451.6129,746.82393,266.20562,188.78625,148.74645,143.23636,1075.2688,1612.9032,2150.5376,2688.172,3225.8065,30.78,f025 ap030 al
-160.2538,-914.5541,182.2532,886.896,17.43561,-12.972254,79.49906,503.48,81.180686,502.29952,48.740291,46.352118,42.808336,36.811859,33.797158,1612.9032,3763.4409,4301.0753,5376.3441,5913.9785,440.28412,374.83285,256.0399,159.10331,115.82832,1075.2688,1612.9032,2150.5376,2688.172,3225.8065,30.99,f025 ap030 al
-212.9633,-1063.154,237.994,1031.479,17.635481,-56.519633,92.287647,533.23736,93.714857,534.80464,64.584321,57.31416,46.269778,39.660932,36.564857,1612.9032,2688.172,5376.3441,5913.9785,8064.5161,590.11609,278.26918,266.43679,146.23157,100.25621,1075.2688,1612.9032,2150.5376,3763.4409,4301.0753,30.93,f025 ap030 al
-174.1135,-1002.817,197.1008,1028.623,13.520761,-52.80023,81.149912,642.97191,82.054272,643.42052,46.159936,45.303948,39.82886,32.678245,29.956286,1612.9032,2688.172,3225.8065,4838.7097,5913.9785,831.32834,215.88754,162.76627,154.11612,103.63858,537.63441,1075.2688,1612.9032,2150.5376,2688.172,30.79,f025 ap030 al
-177.2772,-912.1317,219.5976,1018.612,16.295148,-43.198697,86.22969,561.57644,87.529018,561.73638,61.109852,38.700512,33.168578,32.021759,31.052817,1612.9032,3763.4409,4301.0753,6451.6129,7526.8817,678.3367,221.9854,182.58447,172.25376,129.381,537.63441,1075.2688,1612.9032,2150.5376,2688.172,31.05,f025 ap030 al
-274.1345,-737.18,297.3257,880.1245,13.141673,-52.414044,115.58729,440.94215,116.02448,442.87411,88.520761,78.013865,57.554602,36.831056,36.448119,1612.9032,2688.172,3763.4409,4838.7097,5376.3441,399.92332,367.62675,195.73569,163.38945,107.92788,537.63441,1075.2688,1612.9032,2150.5376,3225.8065,30.87,f025 ap030 al
-318.9899,-766.1791,484.7362,735.9521,13.284465,-25.307885,164.01218,403.91546,164.11162,403.62822,147.89144,116.99115,61.906955,51.469471,48.836389,1612.9032,4838.7097,5376.3441,5913.9785,6451.6129,494.18807,162.17658,135.48675,116.67128,102.05496,537.63441,1075.2688,1612.9032,2150.5376,2688.172,30.84,f025 ap030 al
-318.9899,-766.1791,254.9931,781.5353,-5.8730198,-45.824137,125.71374,415.3369,125.51463,416.75185,92.597714,86.125228,65.969874,53.160132,50.093076,4301.0753,4838.7097,5913.9785,6451.6129,7526.8817,465.20649,214.53777,142.6244,139.78984,121.39616,1075.2688,1612.9032,2150.5376,2688.172,3225.8065,30.81,f025 ap030 al
-295.0444,-772.2768,263.174,666.4565,-6.8858649,-50.121642,126.30035,281.34087,126.15026,285.0291,109.20209,75.229463,62.789483,48.542971,39.59632,1075.2688,3763.4409,4301.0753,4838.7097,5376.3441,301.3789,172.16178,84.300843,77.375631,74.1784,1075.2688,1612.9032,2150.5376,5376.3441,7526.8817,30.87,f025 ap030 al
-285.0424,-503.029,241.3224,701.7801,-12.023426,45.074971,119.71972,223.97543,120.00303,227.87822,97.350492,61.706341,59.665195,44.962798,43.178486,1075.2688,3763.4409,4301.0753,4838.7097,5376.3441,230.30914,123.77271,88.027471,74.862252,61.624551,1075.2688,1612.9032,2150.5376,5376.3441,7526.8817,30.84,f025 ap030 al
-298.0071,-600.609,284.9068,520.7677,-9.9692542,35.321817,120.03618,270.70405,120.12918,272.28007,82.315137,75.198155,67.520444,55.205311,47.527251,4301.0753,4838.7097,5913.9785,6451.6129,7526.8817,276.95216,142.49359,106.77859,92.11388,88.000145,1075.2688,1612.9032,2150.5376,3225.8065,5376.3441,30.98,f025 ap030 al
-336.0405,-598.7953,293.0924,520.7677,-15.451972,10.445632,141.30522,275.54113,141.77148,275.00186,113.02166,78.652333,74.091958,59.399923,48.390762,1612.9032,4838.7097,5376.3441,5913.9785,6451.6129,325.85123,138.68588,94.747886,75.735011,65.870375,537.63441,1075.2688,1612.9032,2688.172,3225.8065,30.79,f025 ap030 al
-264.2209,-862.2101,293.0924,496.1099,-10.913264,33.737814,109.56528,311.29211,109.81554,312.28644,80.47487,56.129869,52.338977,49.027961,48.917071,1612.9032,3763.4409,4838.7097,5913.9785,7526.8817,291.00362,222.07804,161.88665,109.37526,84.925963,537.63441,1075.2688,1612.9032,2150.5376,2688.172,30.86,f025 ap030 al
-249.342,-347.8361,223.0881,344.8647,-4.2976046,3.7745261,104.19164,135.60971,104.00151,135.29929,67.872254,56.306746,45.991082,43.115734,39.825044,1612.9032,4838.7097,5913.9785,6451.6129,6989.2473,98.500982,81.224021,59.382026,56.119395,55.537411,3225.8065,4301.0753,5376.3441,6989.2473,8064.5161,30.86,f025 ap030 al
-199.8043,-686.5466,227.892,651.3517,-0.69472136,13.407,102.21275,304.94114,101.94145,304.42007,89.469275,55.957548,43.87081,39.502437,39.353581,1612.9032,3225.8065,4838.7097,5376.3441,5913.9785,314.98392,155.44751,112.66912,91.858681,87.775288,1612.9032,2150.5376,2688.172,3225.8065,8064.5161,31.05,f025 ap030 al
-215.4455,-554.5491,199.1714,831.4364,10.914803,20.928165,72.735656,373.79582,73.357462,373.382,65.24627,35.267591,35.176577,21.742203,20.775469,1612.9032,2688.172,5913.9785,7526.8817,9139.7849,384.88131,236.8328,175.68363,113.59917,92.013337,1075.2688,1612.9032,2150.5376,2688.172,3225.8065,30.91,f025 ap030 al
-160.2052,-447.8882,247.0207,430.8522,9.1680869,-3.0853546,79.778318,244.09744,80.09119,243.46345,53.64943,38.144336,33.78537,33.180276,32.559361,1612.9032,2688.172,4301.0753,5913.9785,7526.8817,253.32796,166.35209,77.387285,72.261842,57.386538,1075.2688,1612.9032,3225.8065,4838.7097,5376.3441,31.01,f025 ap030 al
-160.7682,-475.5069,230.4657,431.726,14.741628,18.567609,83.149501,200.96382,84.226972,201.28399,72.377016,46.974183,30.599012,30.234089,30.022244,1612.9032,3763.4409,4838.7097,5376.3441,6451.6129,162.47257,94.810235,81.984105,75.390918,65.260362,537.63441,1612.9032,2150.5376,2688.172,8064.5161,30.96,f025 ap030 al
-239.8105,-522.2003,250.0419,631.6724,17.769599,8.6983032,99.470999,316.48221,100.78356,315.7547,75.081217,68.103112,51.497641,38.144193,30.930848,1612.9032,4301.0753,4838.7097,5376.3441,5913.9785,379.31413,175.79371,76.392936,63.588019,53.65361,1612.9032,2150.5376,2688.172,5376.3441,6989.2473,31.02,f025 ap030 al
-237.8823,-456.038,217.1705,656.5506,1.3540442,31.544419,100.45613,258.7785,100.19632,260.00626,83.978595,49.619843,46.905942,46.151336,34.792795,1612.9032,3763.4409,4301.0753,5913.9785,7526.8817,279.42228,149.47862,113.54247,76.06921,66.659597,1612.9032,2150.5376,5376.3441,6989.2473,7526.8817,30.81,f025 ap030 al
-221.9767,-439.76,219.518,374.0505,-9.6814261,-0.64063497,86.437401,190.96547,86.747912,190.45526,82.314991,42.563895,33.023125,28.766921,28.073822,2688.172,4301.0753,4838.7097,5376.3441,5913.9785,155.95436,138.0735,74.778836,72.280114,64.526259,1075.2688,1612.9032,2150.5376,2688.172,3225.8065,31.08,f025 ap030 al
-301.9423,-649.1319,263.3813,716.5218,-3.075403,-7.8211909,111.96737,365.74466,111.70993,364.84927,113.75473,53.440286,52.30318,40.999227,33.248933,4301.0753,4838.7097,5376.3441,5913.9785,6989.2473,441.35018,208.58647,111.58555,70.037935,58.497221,1075.2688,1612.9032,2150.5376,3225.8065,3763.4409,31.04,f025 ap030 al
-378.5685,-689.3003,329.6902,924.4828,-6.1791908,48.758617,135.8727,487.73024,135.64973,488.86205,102.43165,92.535987,72.225059,65.287746,42.080297,3763.4409,4301.0753,4838.7097,5376.3441,6451.6129,610.11894,233.02309,134.43602,88.701456,76.244219,1075.2688,1612.9032,2150.5376,3225.8065,3763.4409,30.79,f025 ap030 al
-215.3341,-591.4605,298.3798,924.4828,-24.941481,41.673201,109.12654,458.50099,111.65571,459.16841,75.716849,55.267694,52.401772,43.532408,41.96989,3763.4409,4301.0753,5376.3441,5913.9785,6451.6129,451.46144,342.02832,161.41637,130.31553,96.328423,537.63441,1075.2688,1612.9032,2150.5376,3763.4409,30.92,f025 ap030 al
-216.7778,-485.2612,71.65923,853.9643,-72.265252,61.800672,63.961074,371.29597,96.391343,375.41821,72.265252,52.563738,40.82034,24.259112,24.189232,0,3225.8065,4301.0753,4838.7097,8064.5161,282.59819,273.62382,207.36248,148.52228,90.881431,537.63441,1075.2688,1612.9032,2688.172,3225.8065,58.48,f010 ap100 al
-239.0119,-463.7554,197.3568,680.8092,-51.045818,122.21424,77.247538,264.8351,92.417247,291.03073,53.751854,51.320258,49.043906,45.14584,38.485769,0,1612.9032,4838.7097,6451.6129,7526.8817,227.08958,170.17426,122.87131,107.24649,84.227575,0,537.63441,1612.9032,3225.8065,3763.4409,57.93,f010 ap100 al
-202.1911,-683.7805,126.4007,865.5542,-25.667428,-117.16751,72.019256,460.93658,76.274854,474.39919,39.289386,34.170995,33.826103,30.259658,29.970009,1612.9032,2688.172,4838.7097,6989.2473,7526.8817,425.39988,345.98024,235.11125,168.5076,117.79744,0,537.63441,1075.2688,1612.9032,2150.5376,58.94,f010 ap100 al
-234.3556,-507.7604,203.5297,1034.93,2.5681034,13.178148,88.808476,422.62633,88.607925,421.70076,62.487957,61.464852,41.957233,38.182477,29.549393,3763.4409,4301.0753,4838.7097,5913.9785,6451.6129,399.93265,347.89187,221.63951,119.26535,83.386675,537.63441,1075.2688,1612.9032,2150.5376,3225.8065,54.98,f010 ap100 al
-241.6678,-456.4369,175.1774,492.9571,9.8519979,-63.20547,85.803534,221.17823,86.139062,229.46272,68.365041,46.663488,44.249782,42.182913,26.459374,2688.172,4301.0753,4838.7097,5913.9785,8602.1505,197.11029,158.78527,118.60142,65.879391,63.545284,0,537.63441,1075.2688,2150.5376,3225.8065,55.58,f010 ap100 al
-82.04847,-330.1665,736.5269,483.5318,217.54719,-29.65096,243.0921,180.10973,325.73692,182.05829,273.95705,218.7168,135.21281,88.278667,87.71534,0,537.63441,1075.2688,2150.5376,3763.4409,149.64815,146.98462,85.999221,64.889737,50.926211,537.63441,1075.2688,1612.9032,2688.172,3225.8065,56.87,f010 ap100 al
112.4978,-287.8095,488.4071,267.8778,296.01969,-8.7364257,81.401757,137.48696,306.95027,137.39689,297.6112,45.763538,42.417697,35.612803,34.386133,0,537.63441,6451.6129,6989.2473,7526.8817,123.21518,91.490859,59.913478,59.017936,49.282984,1075.2688,1612.9032,2150.5376,2688.172,3225.8065,57.41,f010 ap100 al
32.79644,-294.1732,404.1318,287.8201,203.52644,3.9995682,71.845564,147.69725,215.77116,147.3561,204.62067,35.917074,35.608421,34.748124,32.800257,0,1075.2688,5376.3441,7526.8817,8064.5161,128.78178,98.407794,71.297471,61.772318,41.618845,537.63441,1612.9032,2688.172,3225.8065,7526.8817,56.7,f010 ap100 al
-55.58033,-242.1319,276.4582,351.4601,147.32566,15.656858,66.470049,139.36471,161.55337,139.87064,148.11774,36.542722,34.090613,33.799765,27.022518,0,537.63441,3763.4409,4301.0753,7526.8817,90.240575,84.161162,77.868997,65.556212,53.567393,537.63441,1612.9032,2150.5376,2688.172,3225.8065,57.32,f010 ap100 al
-55.58033,-407.3452,228.4894,357.7598,90.248583,-7.1432932,60.292858,188.48145,108.44628,188.11249,90.733791,56.20352,23.846939,22.449056,20.833114,0,3763.4409,4838.7097,5376.3441,8064.5161,170.50533,162.79459,57.905706,49.17054,43.840106,1075.2688,1612.9032,2150.5376,2688.172,4838.7097,57.37,f010 ap100 al
-109.4162,-355.5637,220.1775,365.6808,53.201053,21.441854,67.653784,187.77598,85.923864,188.49673,53.48708,37.63236,35.519953,35.338732,31.754254,0,4838.7097,5376.3441,7526.8817,8064.5161,209.7204,76.838393,69.589387,59.798172,57.121347,537.63441,1075.2688,1612.9032,2150.5376,2688.172,57.36,f010 ap100 al
-169.8719,-448.9587,239.8989,335.311,31.894631,-42.374361,77.319069,220.03772,83.447808,223.50228,44.384794,43.538872,39.411133,39.103721,38.346896,1075.2688,3763.4409,4301.0753,5376.3441,5913.9785,174.55891,147.51731,129.60601,98.456745,94.421743,1075.2688,1612.9032,2150.5376,2688.172,3225.8065,57.09,f010 ap100 al
-144.45,-761.2095,174.4837,386.7046,-5.2704449,-76.102696,75.290916,281.51431,75.27407,290.89195,71.809807,43.372571,30.836807,22.869313,22.743625,3763.4409,5376.3441,7526.8817,8064.5161,9139.7849,251.59473,193.7689,190.93522,76.511851,70.200781,0,537.63441,1075.2688,2150.5376,2688.172,56.35,f010 ap100 al
-136.4724,-623.6759,174.4837,713.6461,1.018764,62.063064,71.689583,355.27789,71.504901,359.72103,45.386744,31.232011,30.521061,28.604639,25.635691,537.63441,3763.4409,4301.0753,4838.7097,7526.8817,309.07302,240.73234,225.91727,182.69004,79.904061,537.63441,1612.9032,2150.5376,2688.172,6989.2473,57.21,f010 ap100 al
-154.7887,-668.8916,127.3554,745.9149,-0.67413021,-79.09912,57.625311,403.13163,57.47498,409.75934,32.450837,27.400693,24.247603,23.562546,23.305396,1612.9032,3225.8065,3763.4409,5376.3441,5913.9785,366.83315,357.82365,95.879708,95.638547,93.848356,537.63441,1075.2688,2688.172,3225.8065,3763.4409,57.02,f010 ap100 al
-137.1393,-722.2486,155.3785,671.3757,-3.7381538,70.213531,56.97777,401.97346,56.948041,406.99942,34.510499,23.632571,23.478189,23.243605,22.167948,1612.9032,3225.8065,5376.3441,5913.9785,6989.2473,363.13294,357.65362,110.90651,97.260662,96.429333,537.63441,1075.2688,2688.172,3225.8065,4301.0753,56.48,f010 ap100 al
-165.3403,-635.2831,154.3703,631.6275,1.9389792,-71.354756,65.365905,323.37893,65.219725,330.3123,41.310572,38.112202,28.989329,28.858923,28.317747,3225.8065,3763.4409,4838.7097,5913.9785,7526.8817,271.40995,198.29844,190.19089,188.36223,97.74477,537.63441,1075.2688,1612.9032,2150.5376,2688.172,57.11,f010 ap100 al
-167.3456,-349.0111,164.496,566.6618,17.220467,51.948224,74.076748,245.69937,75.858848,250.48748,55.540641,46.717613,32.670168,25.189848,24.96066,537.63441,3763.4409,5376.3441,8064.5161,9677.4194,188.42887,166.07677,162.7362,108.1636,85.147551,537.63441,1075.2688,1612.9032,2150.5376,2688.172,57.09,f010 ap100 al
-190.304,-324.255,239.4959,657.9597,-1.2915087,60.185771,89.946574,245.25547,89.715049,251.89465,66.549265,47.619443,41.782362,38.331398,34.389063,1075.2688,3763.4409,4301.0753,7526.8817,8064.5161,268.47893,132.06526,94.315156,88.916909,65.935153,537.63441,1612.9032,2150.5376,2688.172,3225.8065,57.27,f010 ap100 al
-120.1024,-324.255,188.1802,287.0269,14.692435,-23.454783,63.972981,138.61556,65.471556,140.22001,49.843497,29.372387,28.496931,23.90497,20.694003,537.63441,1075.2688,4301.0753,4838.7097,7526.8817,152.99092,88.273698,46.216265,36.935725,30.543573,537.63441,1075.2688,1612.9032,4838.7097,5913.9785,57.73,f010 ap100 al
-126.7735,-470.5507,209.2986,382.4067,28.107927,-6.4734053,66.772862,217.04661,72.28297,216.56226,39.768899,34.646599,30.533775,29.716111,28.259045,0,3225.8065,3763.4409,4838.7097,6989.2473,216.0897,137.89757,93.002816,89.905577,62.376256,537.63441,1075.2688,1612.9032,2150.5376,2688.172,57.54,f010 ap100 al
-174.2597,-427.5448,139.9095,308.7744,13.670663,-2.2763934,64.726654,151.8955,65.98502,151.50592,40.196887,34.012492,29.575092,28.759928,28.276286,3225.8065,4838.7097,5376.3441,5913.9785,8064.5161,117.6418,106.60854,71.712957,52.840163,42.710969,537.63441,1075.2688,2150.5376,2688.172,6451.6129,57.85,f010 ap100 al
-111.7058,-446.382,175.3396,464.0365,28.46173,0.97058907,61.420243,210.75383,67.545117,210.19181,40.144824,35.105643,28.61475,25.108514,23.745526,0,5376.3441,5913.9785,6451.6129,8064.5161,209.55838,129.96109,110.24443,92.605351,48.02989,537.63441,1075.2688,1612.9032,2150.5376,2688.172,56.38,f010 ap100 al
-178.4068,-235.4563,168.6973,283.1808,4.8055166,32.390942,74.1374,116.5161,74.094904,120.63406,51.385007,39.580609,33.360066,30.974102,27.877828,537.63441,4301.0753,4838.7097,5376.3441,5913.9785,113.1522,55.444572,53.203312,40.505301,38.029054,537.63441,1075.2688,1612.9032,2688.172,7526.8817,56.68,f010 ap100 al
-862.8822,-383.374,204.5219,416.764,-229.90122,-10.5239,205.56752,181.53521,308.03669,181.35478,231.13725,202.6592,140.49789,80.577038,55.587867,0,537.63441,1075.2688,3763.4409,4301.0753,151.51004,119.91837,97.340902,95.921597,60.60886,537.63441,1612.9032,2150.5376,2688.172,3225.8065,57.11,f010 ap100 al
-460.9806,-453.561,-3.878571,317.6817,-208.89294,-61.180438,94.577822,198.92572,229.20164,207.61232,210.01602,76.980886,52.307726,41.274776,40.497518,0,4301.0753,4838.7097,5376.3441,5913.9785,166.9427,122.48374,112.03427,85.502001,83.128817,537.63441,1075.2688,1612.9032,2150.5376,3225.8065,58,f010 ap100 al
-423.668,-717.3772,75.98335,990.4747,-159.90043,-30.942346,92.787422,439.69803,184.74743,439.61109,160.76011,72.366496,44.273023,40.740108,40.106954,0,2688.172,4301.0753,4838.7097,5376.3441,458.87577,330.42731,171.1372,130.19311,109.23854,537.63441,1075.2688,1612.9032,2688.172,3225.8065,57.7,f010 ap100 al
-257.497,-752.643,14.51596,986.1124,-135.39333,-45.222932,60.972289,485.63446,148.42201,486.44092,136.12125,38.317151,37.926368,37.159123,28.373035,0,2688.172,4838.7097,7526.8817,9677.4194,509.26355,270.41362,209.87499,207.20379,136.96073,537.63441,1075.2688,1612.9032,2150.5376,2688.172,57.1,f010 ap100 al
-283.497,-538.2782,119.4341,567.8202,-121.02762,116.87246,73.995695,267.36783,141.75249,291.13992,121.67831,45.472887,45.225763,44.126824,37.060256,0,1612.9032,4838.7097,6451.6129,7526.8817,194.26028,163.0609,121.5815,117.50081,117.10972,0,537.63441,1612.9032,2688.172,3225.8065,56.88,f010 ap100 al
-253.5173,-507.6061,55.36034,769.5753,-97.56063,43.962497,62.732682,354.7691,115.89832,356.53998,98.08515,52.697745,43.327359,24.177639,21.684679,0,537.63441,3225.8065,4301.0753,4838.7097,260.91394,240.51917,216.31397,166.57289,99.826461,537.63441,1075.2688,1612.9032,2150.5376,3225.8065,56.39,f010 ap100 al
-285.7994,-773.0148,293.6076,942.5846,3.3060588,47.839229,128.80976,558.20759,128.50557,558.7567,78.844114,78.086521,61.930249,50.811817,48.07196,1612.9032,3763.4409,4301.0753,4838.7097,5913.9785,573.25729,428.92347,155.40733,149.5627,142.68291,537.63441,1075.2688,1612.9032,2150.5376,2688.172,59.47,f025 ap100 al
-268.9035,-701.6396,245.2854,905.0397,-12.130842,56.98426,105.92763,520.49194,106.33821,522.21675,89.156474,54.257178,48.632389,44.802428,40.522538,1612.9032,4301.0753,4838.7097,5376.3441,5913.9785,541.51102,369.987,201.13727,132.95096,122.92882,537.63441,1075.2688,1612.9032,2150.5376,2688.172,58.76,f025 ap100 al
-214.7026,-754.6127,238.2512,880.0689,5.5419827,-22.959294,95.11349,471.87889,95.020588,471.1752,67.430948,60.763554,47.202034,45.435417,34.302717,4301.0753,5376.3441,5913.9785,7526.8817,8064.5161,390.1132,373.1172,241.73825,147.12472,143.03744,1075.2688,1612.9032,2150.5376,2688.172,3225.8065,56.68,f025 ap100 al
-242.9173,-754.6127,247.9801,1027.995,10.483402,-12.299225,88.65401,552.65885,89.03598,551.31638,56.860485,42.691861,38.578823,38.290134,33.34028,3225.8065,4301.0753,4838.7097,8064.5161,8602.1505,698.52234,242.91834,129.24574,86.913964,82.222278,537.63441,1075.2688,1612.9032,2150.5376,2688.172,57.05,f025 ap100 al
-225.9771,-720.7972,247.9801,776.2233,11.410192,1.394497,96.631658,453.62988,97.04605,452.41749,67.438802,60.95973,54.228039,45.108495,33.586011,1612.9032,3225.8065,4301.0753,4838.7097,6451.6129,468.00336,267.58029,189.60905,140.39118,135.85685,1075.2688,1612.9032,2150.5376,2688.172,3763.4409,56.84,f025 ap100 al
-274.8399,-836.5607,270.4799,1060.74,3.2412469,-40.465786,94.598887,506.11902,94.40127,506.38338,74.161848,44.400617,40.926393,38.745083,37.45437,1075.2688,2688.172,3225.8065,5376.3441,5913.9785,520.25978,402.44032,149.62861,119.69922,98.644569,537.63441,1612.9032,2150.5376,2688.172,3225.8065,58.07,f025 ap100 al
-268.1214,-876.6142,271.4337,969.4774,2.2323817,-34.625283,125.33317,562.63544,125.01754,562.19634,112.95798,62.775332,52.349399,46.34255,42.333449,4301.0753,5376.3441,5913.9785,6451.6129,8602.1505,592.89911,447.19263,169.4312,132.17783,101.44432,537.63441,1075.2688,1612.9032,2150.5376,2688.172,57.77,f025 ap100 al
-262.5696,-910.5805,190.2943,1197.829,-2.251157,-57.543407,105.69011,610.29512,105.43117,611.37518,73.851858,48.468269,47.988617,47.686789,44.873785,3225.8065,3763.4409,4301.0753,4838.7097,5376.3441,550.94454,511.76571,219.56607,197.31922,189.78357,537.63441,1075.2688,1612.9032,2150.5376,2688.172,57.38,f025 ap100 al
-268.5512,-910.5805,310.474,965.8114,-11.962289,-51.725499,147.78654,616.33225,147.87549,616.85461,151.95276,76.668025,52.702783,47.94939,41.10601,3225.8065,3763.4409,4301.0753,4838.7097,5913.9785,611.09229,486.03786,240.00285,173.38877,157.37375,537.63441,1075.2688,1612.9032,2150.5376,2688.172,57.67,f025 ap100 al
-313.8338,-1082.032,299.3917,1017.006,-14.485812,-88.954745,130.15726,613.26158,130.61454,618.05464,90.618806,83.311729,69.835573,50.861515,49.01859,3763.4409,4301.0753,4838.7097,5913.9785,6451.6129,544.20679,514.52041,323.76493,219.66342,121.61059,537.63441,1075.2688,1612.9032,2150.5376,2688.172,57.34,f025 ap100 al
-272.5874,-1082.032,248.7694,974.4677,-0.0095627786,-82.909332,95.810908,550.82078,95.554386,555.56729,59.939963,48.735778,43.67754,42.986273,42.252309,1075.2688,3763.4409,4301.0753,5376.3441,6989.2473,509.00469,403.12618,281.57501,229.32817,133.70239,537.63441,1075.2688,1612.9032,2150.5376,2688.172,58.08,f025 ap100 al
-189.7058,-965.7495,188.4117,983.3131,-7.2780555,-64.741652,82.685871,653.35152,82.785035,654.81064,73.342695,63.866708,27.422078,24.429465,23.087771,2688.172,3763.4409,4301.0753,6451.6129,6989.2473,781.96949,327.01843,197.58921,175.85897,154.30193,1075.2688,1612.9032,2150.5376,2688.172,3225.8065,57.59,f025 ap100 al
-167.4857,-953.1998,153.7071,896.4157,-14.922803,-58.783905,74.044883,588.16827,75.339337,589.5316,61.269498,41.570848,35.476487,28.64032,26.098396,537.63441,3225.8065,4301.0753,4838.7097,6451.6129,603.63773,449.2663,206.97673,140.7571,124.3859,1075.2688,1612.9032,2150.5376,2688.172,3225.8065,58.32,f025 ap100 al
-241.9816,-799.3059,221.2912,872.684,-4.6386584,-6.4524511,96.43545,445.69214,96.289053,444.54569,71.805052,59.221313,55.207383,42.689785,33.421956,3763.4409,4301.0753,4838.7097,5376.3441,5913.9785,461.40804,345.11177,128.37073,126.76454,100.77262,1075.2688,1612.9032,2150.5376,2688.172,3225.8065,57.15,f025 ap100 al
-175.2066,-369.4447,204.1657,558.0907,2.1320194,1.6545767,78.142322,212.70492,77.962262,212.14188,60.484279,54.860505,32.934757,28.239962,28.064118,3225.8065,4301.0753,5376.3441,5913.9785,6451.6129,181.76108,160.11922,85.558426,66.486845,66.001662,537.63441,1612.9032,2150.5376,3763.4409,5376.3441,58.18,f025 ap100 al
-214.5917,-484.5184,157.1003,340.2171,-13.283531,-5.4993304,78.039399,188.12667,78.955888,187.70356,59.111033,54.509987,34.659121,26.688156,26.175388,3225.8065,4301.0753,5376.3441,5913.9785,6451.6129,180.248,112.34347,73.644608,60.732216,56.389502,537.63441,1075.2688,1612.9032,2150.5376,3763.4409,57.92,f025 ap100 al
-211.913,-861.0233,216.0932,759.9602,-6.442713,-11.211295,101.65843,391.90676,101.59075,391.01824,64.484865,55.292851,54.286061,54.123668,42.378291,1612.9032,3763.4409,4301.0753,5376.3441,5913.9785,377.53843,315.27415,155.07109,127.78092,72.898712,1075.2688,1612.9032,2150.5376,2688.172,3225.8065,57.81,f025 ap100 al
-214.0028,-788.4987,152.4621,770.9834,4.6675259,44.932793,84.477501,442.64646,84.380514,443.74211,58.548213,42.621188,42.220896,34.658206,34.465678,3225.8065,4301.0753,4838.7097,5913.9785,8064.5161,391.58316,371.98767,159.01908,120.10369,115.48352,1612.9032,2150.5376,2688.172,3225.8065,3763.4409,57.95,f025 ap100 al
-185.9676,-942.606,209.6075,781.9173,2.5087642,29.847872,84.088449,482.1646,83.900828,481.7991,55.325949,53.076415,42.442679,32.406644,30.957265,3763.4409,4301.0753,4838.7097,6451.6129,7526.8817,560.89627,206.23739,177.66928,166.3877,126.99144,1075.2688,1612.9032,2150.5376,2688.172,3225.8065,58.05,f025 ap100 al
-249.7596,-505.8456,235.7174,592.0797,10.418935,39.015309,94.85531,259.35978,95.173362,261.59123,67.695366,62.277995,45.639099,38.135275,27.974942,4301.0753,4838.7097,5913.9785,6451.6129,7526.8817,160.91539,147.58176,147.32562,115.32148,105.26496,537.63441,1075.2688,2150.5376,3225.8065,3763.4409,57.25,f025 ap100 al
-262.8333,-469.326,339.2089,592.0797,24.80315,32.389143,143.05674,215.9138,144.81363,217.75795,102.23514,88.738226,75.58295,50.740433,48.723997,2150.5376,4301.0753,4838.7097,5376.3441,5913.9785,181.29465,110.64796,107.21682,94.981176,77.418896,537.63441,1075.2688,1612.9032,2150.5376,3763.4409,58.24,f025 ap100 al
-232.803,-313.7922,294.1476,287.2913,29.577877,-11.10015,115.10629,153.71109,118.54727,153.70089,107.73371,80.158817,50.859331,36.640079,33.159239,1612.9032,3763.4409,4838.7097,5376.3441,8602.1505,85.215481,83.855639,71.727713,69.913689,65.312316,1075.2688,1612.9032,2688.172,3763.4409,5376.3441,57.14,f025 ap100 al
-306.6427,-445.5983,349.7332,515.3213,1.3098148,-5.021196,150.45184,244.77647,150.05474,244.17274,116.16315,92.196045,89.552187,71.809504,47.142748,3763.4409,4301.0753,4838.7097,5376.3441,5913.9785,258.29244,174.46369,63.236277,53.447927,51.698556,537.63441,1075.2688,1612.9032,2150.5376,7526.8817,57.5,f025 ap100 al
-278.5619,-628.0608,357.1837,596.0387,8.6704904,-42.868678,133.1199,288.68335,133.04631,291.08442,111.53159,79.248994,71.503982,50.025011,45.139356,3763.4409,4301.0753,4838.7097,5913.9785,8064.5161,190.84311,185.88614,163.35331,156.2617,129.72284,537.63441,1075.2688,1612.9032,2150.5376,2688.172,57.35,f025 ap100 al
-337.239,-642.5442,254.126,619.2949,-2.5161154,14.833053,130.64697,289.28529,130.32147,288.89181,92.088062,77.935867,76.61042,60.626275,57.987239,2688.172,3763.4409,4301.0753,5376.3441,5913.9785,271.40606,184.48974,118.11297,107.59595,83.993072,1075.2688,1612.9032,2150.5376,3763.4409,4301.0753,58.3,f025 ap100 al
-217.4517,-541.9303,183.9419,320.5013,-7.2931492,20.593372,94.130629,194.36591,94.161471,194.93633,60.692932,58.765968,49.536665,47.380481,32.597625,3225.8065,4301.0753,4838.7097,5376.3441,5913.9785,189.56978,126.87766,88.820085,59.566126,54.249389,1612.9032,2150.5376,3225.8065,3763.4409,7526.8817,57.21,f025 ap100 al
-268.7645,-457.7174,240.0002,536.5132,0.92338754,-11.288205,101.58656,251.8158,101.31878,251.39516,63.782843,53.900803,50.918749,39.697592,37.43317,2688.172,3763.4409,4301.0753,5376.3441,8064.5161,313.20361,83.574695,63.860724,62.392881,60.470577,537.63441,1612.9032,2150.5376,5376.3441,6989.2473,57.86,f025 ap100 al
-227.2757,-731.2486,224.9415,925.7826,-6.3665999,-26.206489,96.310573,522.14794,96.263478,521.40894,67.387083,67.318307,48.055208,34.583552,34.182603,1612.9032,3763.4409,5376.3441,5913.9785,8064.5161,519.39045,368.94367,230.39879,156.36865,139.98077,1075.2688,1612.9032,2150.5376,2688.172,3225.8065,57.93,f025 ap100 al
-263.8267,-768.442,254.7735,959.1516,-13.654648,53.961759,113.82304,578.43854,114.33658,579.40811,100.49764,63.980212,62.304537,46.575124,39.774445,1612.9032,4301.0753,4838.7097,5913.9785,6989.2473,601.88595,401.10288,221.54115,155.92264,154.10661,1075.2688,1612.9032,2150.5376,2688.172,3763.4409,57.95,f025 ap100 al
-295.937,-771.8179,293.5387,967.4055,-0.35425182,53.765284,128.74099,563.51801,128.39679,564.57516,82.700309,66.588703,64.295107,62.854755,53.917756,1612.9032,3763.4409,4301.0753,4838.7097,5376.3441,569.41984,449.35137,162.89577,154.74052,149.9305,537.63441,1075.2688,1612.9032,2150.5376,2688.172,58.22,f025 ap100 al
